tf,assigned,seq,len,gain,dT,p_ownfam,p_otherfam,other_hit,margin,call,confidence
AGAP2,AGAP2_Hsapiens-hPDI-CENTG1,CTGGAAA,7,3.41,0.55,0.000244140625,0.00067138671875,ELF2_Hsapiens-SwissRegulon-ELF2.SwissRegulon,-0.44,ambiguous,med
ALX3,ALX3_Hsapiens-HOCOMOCOv10-ALX3_HUMAN.H10MO.D,TAAGCCAATTA,11,6.3,0.6,4.76837158203125e-06,0.0001506805419921875,AP1_disc8,-1.5,retained,high
ALX4,ALX4_Hsapiens-SwissRegulon-ALX4.SwissRegulon,CAAATTCAATTAC,13,4.71,1.13,1.4603137969970703e-05,1.0,,-4.84,retained,med
ANXA1,ANXA1_Hsapiens-hPDI-ANXA1,TGCCATC,7,2.07,1.34,0.0006103515625,0.000244140625,YY1_Hsapiens-jaspar2018-YY1-MA0095.1,0.4,ambiguous,med
ARID3A,ARI3A_Hsapiens-HOCOMOCOv10-ARI3A_HUMAN.H10MO.D,GATTAATCGAAATCAAAATCAA,22,3.3,0.88,8.139977580867708e-11,5.064718425273895e-05,IRF_known13,-5.79,dual,high
ARID3A,ARID3A_Hsapiens-cisbp_1.02-M6147_1.02,ATTATTTAGATTTCGATTAATA,22,3.98,0.59,8.486722435918637e-10,3.869678698720236e-05,VENTX_2,-4.66,dual,high
ARID5A,ARID5A_1,CCAATATTGCTAGA,14,2.11,0.96,1.9371509552001953e-07,0.0010223388671875,XRCC1_Hsapiens-hPDI-XRCC1,-3.72,retained,high
ARNT,ARNT2_Hsapiens-HOCOMOCOv10-ARNT2_HUMAN.H10MO.D,GGCGTGGCAGAC,12,2.16,0.72,3.5762786865234375e-07,0.000732421875,SF3B1_Hsapiens-hPDI-SF3B1,-3.31,retained,high
ARNT,ARNT_1,GTAAGCACGTGGCCGC,16,3.76,0.76,2.3515895009040833e-07,1.0,,-6.63,retained,high
ARX,ARX_Hsapiens-HOCOMOCOv10-ARX_HUMAN.H10MO.D,TTAACTTAATTAG,13,2.44,0.66,8.642673492431641e-07,1.0,,-6.06,retained,high
ATF2,ATF2_Hsapiens-SwissRegulon-ATF2.SwissRegulon,ATGACGTAC,9,3.31,0.67,0.000152587890625,0.002124786376953125,JDP2_Hsapiens-jaspar2016-JDP2-MA0655.1,-1.14,ambiguous,med
ATF3,ATF3_Hsapiens-SwissRegulon-ATF3.SwissRegulon,ATGATGCAA,9,4.44,1.97,0.00022125244140625,9.1552734375e-05,XG_Hsapiens-hPDI-XG,0.38,switched,med
ATF3,ATF3_Hsapiens-cisbp_1.02-M6153_1.02,GTGACGCAA,9,2.57,1.18,7.62939453125e-06,0.00830078125,WISP2_Hsapiens-hPDI-WISP2,-3.04,retained,high
ATF3,ATF3_known2,TGACGTCC,8,2.12,0.96,0.0001220703125,0.006103515625,RXRA_known3,-1.7,ambiguous,med
ATF4,ATF4_2,GGATGATGCAACA,13,2.48,1.43,1.6391277313232422e-07,1.0,,-6.79,retained,high
ATF4,ATF4_Hsapiens-SwissRegulon-ATF4.SwissRegulon,GTATGATGCAACC,13,2.51,0.63,1.043081283569336e-06,1.0,,-5.98,retained,high
ATF4,ATF4_Hsapiens-jaspar2018-ATF4-MA0833.1,GGATGATGCAATT,13,2.2,0.94,5.811452865600586e-07,0.000244140625,TFAP2C_Hsapiens-hPDI-TFAP2C,-2.62,retained,high
ATF5,ATF5_Hsapiens-cisbp_1.02-M6154_1.02,TAAGGGAGAAGT,12,4.26,1.18,3.5762786865234375e-07,0.00048828125,HIST2H2AB_Hsapiens-hPDI-HIST2H2AB,-3.14,retained,high
ATF7,ATF7_Hsapiens-jaspar2018-ATF7-MA0834.1,GGATGACGTCATAG,14,2.85,0.73,2.384185791015625e-07,1.0,,-6.62,retained,high
ATF7,ATF7_Hsapiens-jolma2013-ATF7,CTATGACGTCATAA,14,3.66,0.56,1.6391277313232422e-07,1.0,,-6.79,retained,high
BACH1,BACH1_Hsapiens-cisbp_1.02-M4682_1.02,AAGTGCTGA,9,11.01,1.66,1.9073486328125e-05,0.000396728515625,SNRPB2_Hsapiens-hPDI-SNRPB2,-1.32,retained,med
BACH2,BACH2_1,CATGAGTCATC,11,2.05,0.94,4.76837158203125e-07,1.0,,-6.32,retained,high
BARHL1,BARHL1_1,AAAAACCAATTAAAGC,16,2.42,0.93,2.2142194211483002e-07,1.0,,-6.65,retained,high
BARHL1,BARHL1_4,TAATTGTTCTTAATCG,16,2.83,0.68,1.885928213596344e-08,4.842877388000488e-08,SOX12_Hsapiens-SwissRegulon-SOX12.SwissRegulon,-0.41,dual,high
BAX,BAX_Hsapiens-hPDI-BAX,GACGCC,6,4.63,2.78,0.00146484375,0.00830078125,RAB2A_Hsapiens-hPDI-RAB2A,-0.75,lost,low
BCL6,BCL6B_1,ACTTTCGAGGAATACC,16,2.16,0.9,1.3737007975578308e-08,0.0004513263702392578,RELB_Hsapiens-jaspar2018-RELB-MA1117.1,-4.52,retained,high
BCL6,BCL6B_Hsapiens-SwissRegulon-BCL6B.SwissRegulon,ACTTTCTAGGAATAAG,16,3.23,0.87,2.421438694000244e-08,0.000628352165222168,IKZF1_1,-4.41,retained,high
BCL,BCL_disc3,ACCAAGGACA,10,10.84,1.52,2.86102294921875e-06,0.0002193450927734375,NR5A2_Hsapiens-HOCOMOCOv10-NR5A2_HUMAN.H10MO.C,-1.88,retained,high
BCL11A,BCL_disc4,GAAAGTGAAA,10,2.45,1.54,4.76837158203125e-06,0.000579833984375,ADARB1_Hsapiens-hPDI-ADARB1,-2.08,retained,high
BCL,BCL_disc7,ACAGCGCCG,9,2.22,0.77,3.0517578125e-05,0.00146484375,E2F_known15,-1.68,retained,med
BHLHE41,BHLHB3_Hsapiens-jolma2013-BHLHB3,CGCACATGCG,10,2.8,1.85,0.00048160552978515625,6.103515625e-05,NRF1_known1,0.9,switched,med
BHLHE40,BHLHE40_Hsapiens-SwissRegulon-BHLHE40.SwissRegulon,GATAGCTCCACGTGGCAGACGGT,23,3.39,2.32,5.385347776609706e-07,3.7342309951782227e-05,SMAD2::SMAD3::SMAD4_Hsapiens-JASPAR_2014-SMAD2::SMAD3::SMAD4-MA0513.1,-1.84,dual,high
BHLHE40,BHLHE40_Hsapiens-cisbp_1.02-M5305_1.02,GGCACGTGGG,10,2.43,0.67,8.58306884765625e-05,1.0,,-4.07,retained,med
BHLHE40,BHLHE40_disc1,GCACGTGCCT,10,4.38,0.98,3.814697265625e-06,0.000362396240234375,TCF3_Hsapiens-SwissRegulon-TCF3.SwissRegulon,-1.98,retained,high
BHLHE41,BHLHE41_Hsapiens-cisbp_1.02-M5306_1.02,AGCACGTGGG,10,4.06,1.95,0.00011348724365234375,1.0,,-3.95,ambiguous,med
BHLHE41,BHLHE41_Hsapiens-jolma2013-BHLHE41,GGAACGTGAG,10,5.88,0.91,8.0108642578125e-05,0.000762939453125,RAN_Hsapiens-hPDI-RAN,-0.98,retained,med
BRCA1,BRCA1_Hsapiens-JASPAR_CORE-BRCA1-MA0133.1,ACAACGG,7,2.06,0.83,0.00128173828125,0.004638671875,ZBTB25_Hsapiens-hPDI-ZBTB25,-0.56,lost,med
USF2,BRCA1_known1,TTGGGTTG,8,4.61,0.91,4.57763671875e-05,0.00244140625,SMAD3_Hsapiens-hPDI-SMAD3,-1.73,retained,med
CBFB,CBFB_Hsapiens-hPDI-CBFB,AAAGG,5,2.79,0.84,0.0029296875,0.015625,CDK2AP1_Hsapiens-hPDI-CDK2AP1,-0.73,lost,low
CDX2,CDX2_2,AACGGCAATAAAATTC,16,4.23,1.16,7.916241884231567e-09,0.00018310546875,ETS_disc8,-4.36,retained,high
CEBPA,CEBPA_2,TGTCGCAAT,9,3.89,0.93,4.57763671875e-05,0.00077056884765625,EP300_disc6,-1.23,retained,med
CEBPA,CEBPA_Hsapiens-cisbp_1.02-M6169_1.02,ATGATGCAAT,10,2.82,1.59,1.430511474609375e-05,0.00021839141845703125,FOSL1::JUND(var.2)_Hsapiens-jaspar2018-FOSL1::JUND(var.2)-MA1143.1,-1.18,retained,med
CEBPA,CEBPA_Hsapiens-jaspar2016-CEBPA-MA0102.3,ATTGCATAACC,11,2.47,1.15,2.384185791015625e-06,0.00244140625,HSPA5_Hsapiens-hPDI-HSPA5,-3.01,retained,high
CEBPB,CEBPB_Hsapiens-cisbp_1.02-M5314_1.02,CTGACGCAAC,10,2.28,2.79,8.106231689453125e-05,0.0001964569091796875,ATF1_Hsapiens-SwissRegulon-ATF1.SwissRegulon,-0.38,retained,med
CEBPB,CEBPB_Hsapiens-cisbp_1.02-M6170_1.02,GTGATGCAAC,10,4.28,1.64,3.337860107421875e-05,6.4849853515625e-05,ATF3_Hsapiens-SwissRegulon-ATF3.SwissRegulon,-0.29,dual,med
CEBPB,CEBPB_known1,GTATTGTGCAATCT,14,2.18,0.6,3.5762786865234375e-07,0.00048828125,SOX17_1,-3.14,retained,high
CEBPB,CEBPB_known3,TCTTTGGAAATTC,13,2.12,0.81,0.0006256103515625,0.000125885009765625,MRPL1_Hsapiens-hPDI-MRPL1,0.7,ambiguous,med
CEBPB,CEBPB_known4,GTATTGCATCATTA,14,3.55,1.02,8.58306884765625e-06,0.0002276897430419922,CREB5_Hsapiens-HOCOMOCOv10-CREB5_HUMAN.H10MO.D,-1.42,retained,med
CEBPB,CEBPB_known8,CTTGCGCAAT,10,2.73,0.9,5.7220458984375e-06,0.002197265625,TCEAL6_Hsapiens-hPDI-TCEAL6,-2.58,retained,high
CEBPD,CEBPD_Hsapiens-SwissRegulon-CEBPD.SwissRegulon,CTGTCGCAAC,10,2.3,1.83,0.0002079010009765625,6.103515625e-05,FGF19_Hsapiens-hPDI-FGF19,0.53,switched,med
CEBPD,CEBPD_Hsapiens-jaspar2016-CEBPD-MA0836.1,GTGTCGCAAC,10,3.01,1.65,0.0001468658447265625,0.0006256103515625,CYB5R1_Hsapiens-hPDI-CYB5R1,-0.63,ambiguous,med
CEBPD,CEBPD_Hsapiens-jolma2013-CEBPD,ATTGCGTAAG,10,6.72,2.53,8.58306884765625e-06,0.0011444091796875,ATF3_known2,-2.12,retained,med
CEBPE,CEBPE_1,GTTGCGTAAT,10,5.29,0.72,2.86102294921875e-06,0.001312255859375,EP300_disc7,-2.66,retained,high
CEBPE,CEBPE_Hsapiens-jaspar2016-CEBPE-MA0837.1,ATGGCGAAAC,10,3.57,0.5,0.00016021728515625,0.000732421875,TMSB4XP8_Hsapiens-hPDI-TMSL3,-0.66,ambiguous,med
CEBPG,CEBPG_2,GTTGCGCAAG,10,2.44,0.62,9.5367431640625e-06,0.00079345703125,FAM127B_Hsapiens-hPDI-FAM127B,-1.92,retained,med
CEBPG,CEBPG_Hsapiens-hPDI-CEBPG,CTGGGA,6,2.0,1.67,0.0009765625,0.000732421875,HNRNPH3_Hsapiens-hPDI-HNRPH3,0.12,ambiguous,low
CEBPG,CEBPG_Hsapiens-jolma2013-CEBPG-2,ATTGCGTCAT,10,3.73,0.82,2.193450927734375e-05,6.103515625e-05,EP300_disc7,-0.44,dual,med
CENPB,CENPB_1,CCCGCATACTACGAA,15,2.72,0.7,1.862645149230957e-09,0.00018310546875,UBE2V1_Hsapiens-hPDI-UBE2V1,-4.99,retained,high
CENPB,CENPB_Hsapiens-SwissRegulon-CENPB.SwissRegulon,CCCGCATCGAGCGAA,15,2.27,0.85,4.7497451305389404e-08,0.0007781982421875,DDX20_Hsapiens-hPDI-DDX20,-4.21,retained,high
CENPB,CENPB_Hsapiens-jaspar2016-CENPB-MA0637.1,CCCGCATAATACGAA,15,2.68,0.84,1.30385160446167e-08,0.000225067138671875,ZN333_Hsapiens-HOCOMOCOv10-ZN333_HUMAN.H10MO.D,-4.24,retained,high
CENPB,CENPB_Hsapiens-jolma2013-CENPB,CCCGCTTCGTACGAA,15,3.04,0.57,2.8870999813079834e-08,0.0006103515625,TFCP2_2,-4.33,retained,high
CLK1,CLK1_Hsapiens-hPDI-CLK1,TGACAT,6,8.92,1.44,0.00146484375,0.0009765625,NR4A1_Hsapiens-hPDI-NR4A1,0.18,ambiguous,low
CLOCK,CLOCK_1,AACACGTGCT,10,4.02,0.9,3.814697265625e-06,1.0,,-5.42,retained,high
CLOCK,CLOCK_Hsapiens-jaspar2018-CLOCK-MA0819.1,AGCACATGTT,10,2.5,0.67,9.72747802734375e-05,0.00067138671875,ARFGAP1_Hsapiens-hPDI-ARFGAP1,-0.84,retained,med
NR2F1,COT1_Hsapiens-HOCOMOCOv10-COT1_HUMAN.H10MO.B,CTAAGGTCA,9,3.5,0.83,0.00048828125,0.0029296875,PDX1_3,-0.78,ambiguous,med
NR2F1,COT1_Hsapiens-HOCOMOCOv10-COT1_HUMAN.H10MO.S,GTCCAAAGGTCA,12,2.5,1.0,4.172325134277344e-07,0.00244140625,NR4A2_Hsapiens-hPDI-NR4A2,-3.77,retained,high
CREB1,CREB1_Hsapiens-cisbp_1.02-M3083_1.02,ATGCGTCA,8,2.22,0.78,0.0003814697265625,0.00042724609375,FOSL1_Hsapiens-SwissRegulon-FOSL1.SwissRegulon,-0.05,ambiguous,med
CREB1,CREB1_Mmusculus;Rnorvegicus;Hsapiens-jaspar2018-CREB1-MA0018.2,TGACGCAT,8,3.68,2.62,0.0003814697265625,0.00042724609375,FOSL1_Hsapiens-SwissRegulon-FOSL1.SwissRegulon,-0.05,ambiguous,med
CREB3L1,CREB3L1_3,TGCCACGTGGTA,12,4.49,2.42,8.344650268554688e-07,1.0,,-6.08,retained,high
CREB3L1,CREB3L1_Hsapiens-cisbp_1.02-M5326_1.02,GACCACGTGGCA,12,5.42,2.01,3.159046173095703e-06,1.0,,-5.5,retained,high
CREB3L1,CREB3L1_Hsapiens-cisbp_1.02-M5330_1.02,AGATGACGTGGCAG,14,2.09,0.7,1.341104507446289e-07,4.76837158203125e-05,ATF3_known10,-2.55,dual,high
CREB3L1,CREB3L1_Hsapiens-jaspar2018-CREB3L1-MA0839.1,CTGCCACGTAATCA,14,2.75,0.67,3.427267074584961e-07,9.703636169433594e-05,DUXA_Hsapiens-HOCOMOCOv10-DUXA_HUMAN.H10MO.D,-2.45,dual,high
CREB3L1,CREB3L1_Hsapiens-jolma2013-CREB3L1-3,GTCCACGTGGCA,12,3.91,1.65,3.3974647521972656e-06,1.0,,-5.47,retained,high
CTCF,CTCFL_Hsapiens-HOCOMOCOv10-CTCFL_HUMAN.H10MO.A,CGGCCACTAGAGGGCGCTC,19,2.04,0.57,1.5425030142068863e-09,0.00031169550493359566,NR1H_2,-5.31,retained,high
CTCF,CTCF_disc6,ACCTCGTG,8,2.62,1.73,4.57763671875e-05,0.00115966796875,MXI1_Hsapiens-SwissRegulon-MXI1.SwissRegulon,-1.4,retained,med
CTCF,CTCF_disc7,CCACCAGGCG,10,3.34,0.64,9.5367431640625e-06,0.000576019287109375,TFAP2_known3,-1.78,retained,med
CUX1,CUX1_1,CCAATAATCAAT,12,2.59,0.96,1.1920928955078125e-07,0.0001220703125,MRPS25_Hsapiens-hPDI-MRPS25,-3.01,retained,high
CUX1,CUX1_7,TGATGATGATTACTA,15,3.84,0.56,4.5355409383773804e-07,0.00010298192501068115,FOXJ2_Hsapiens-jolma2013-FOXJ2-3,-2.36,retained,high
CUX1,CUX1_Hsapiens-SwissRegulon-CUX1.SwissRegulon,GTGGGAACAG,10,2.53,0.57,8.58306884765625e-06,6.103515625e-05,FAM127B_Hsapiens-hPDI-FAM127B,-0.85,dual,med
CUX1,CUX1_Hsapiens-jaspar2016-CUX1-MA0754.1,TGATCGATAG,10,2.65,0.99,1.71661376953125e-05,0.0002651214599609375,PBX3_disc2,-1.19,retained,med
CUX1,CUX1_Hsapiens-jolma2013-CUX1,ATCGATACGTGATCGAT,17,2.27,0.87,5.820766091346741e-10,5.7220458984375e-05,TFEB_Hsapiens-HOCOMOCOv10-TFEB_HUMAN.H10MO.C,-4.99,dual,high
CUX1,CUX1_Hsapiens-jolma2013-CUX1-2,ATCGATAACATTATCGAT,18,2.9,0.71,3.4924596548080444e-10,4.795193672180176e-05,SRY_Hsapiens-jolma2013-SRY-3,-5.14,dual,high
CUX2,CUX2_Hsapiens-SwissRegulon-CUX2.SwissRegulon,TTTATTGATTATTGT,15,2.54,0.53,9.313225746154785e-09,0.0001220703125,MRPS25_Hsapiens-hPDI-MRPS25,-4.12,retained,high
CUX2,CUX2_Hsapiens-jolma2013-CUX2,ATCAATAATTATATCGAT,18,2.8,0.84,2.764863893389702e-10,7.318507414311171e-06,DLX3_1,-4.42,dual,high
CXXC1,CXXC1_Hsapiens-SwissRegulon-CXXC1.SwissRegulon,CGTGGGC,7,4.57,1.07,0.00115966796875,0.00054931640625,TIMM8A_Hsapiens-hPDI-TIMM8A,0.32,ambiguous,med
DBP,DBP_1,AGCAATC,7,2.13,0.94,0.00048828125,0.00439453125,ZNF706_Hsapiens-hPDI-ZNF706,-0.95,ambiguous,med
DBP,DBP_2,CATTACGTAACC,12,3.65,1.8,1.7881393432617188e-07,1.0,,-6.75,retained,high
DBX1,DBX1_1,TAGTTGATTAGGGGTTT,17,2.45,1.62,0.0036925256135873497,0.0001392364501953125,FOXH1_Hsapiens-jaspar2016-FOXH1-MA0479.1,1.42,ambiguous,med
DBX2,DBX2_Hsapiens-SwissRegulon-DBX2.SwissRegulon,GTTGATTAATGAATTT,16,2.68,1.5,1.5010824427008629e-05,2.6702880859375e-05,STAT_disc5,-0.25,dual,med
DDIT3,DDIT3_Hsapiens-cisbp_1.02-M6187_1.02,GGGGATTGCATTG,13,9.3,0.58,2.9802322387695312e-08,0.0005762577056884766,DUXA_Hsapiens-HOCOMOCOv10-DUXA_HUMAN.H10MO.D,-4.29,retained,high
DLX1,DLX1_1,GTGCGGTAATTAAT,14,2.24,0.52,1.2293457984924316e-07,1.0,,-6.91,retained,high
DLX1,DLX1_Hsapiens-jolma2013-DLX1,CCAAATTACC,10,2.38,0.66,0.0001087188720703125,0.00128173828125,ZBTB12_Hsapiens-hPDI-ZBTB12,-1.07,ambiguous,med
DLX6,DLX6_Hsapiens-jaspar2016-DLX6-MA0882.1,ATATTTAC,8,2.95,1.45,0.00128173828125,6.103515625e-05,FOXI1_Hsapiens-jaspar2016-FOXI1-MA0042.2,1.32,switched,med
DPRX,DPRX_Hsapiens-HOCOMOCOv10-DPRX_HUMAN.H10MO.D,ACGGATTATCG,11,2.43,0.54,1.430511474609375e-06,1.0,,-5.84,retained,high
DTL,DTL_Hsapiens-hPDI-DTL,AACTGACG,8,3.33,2.29,9.1552734375e-05,0.00262451171875,MAFG_Hsapiens-cisbp_1.02-M6333_1.02,-1.46,retained,med
DUX4,DUX4_Hsapiens-jaspar2018-DUX4-MA0468.1,TAATGGAATCA,11,2.33,1.27,7.152557373046875e-06,0.00018310546875,DAB2_Hsapiens-hPDI-DAB2,-1.41,retained,high
DUXA,DUXA_1,CTGATCTAATCAA,13,6.84,1.05,1.430511474609375e-06,0.00011873245239257812,RUNX1_4,-1.92,retained,high
E2F1,E2F1_Hsapiens-jaspar2018-E2F1-MA0024.2,GGCGCGGGAAG,11,4.81,1.28,2.6702880859375e-05,0.001220703125,HNRNPH3_Hsapiens-hPDI-HNRPH3,-1.66,retained,med
E2F2,E2F2_Hsapiens-SwissRegulon-E2F2.SwissRegulon,TTCGGCGC,8,4.95,2.04,0.0004425048828125,0.000244140625,NNT_Hsapiens-hPDI-NNT,0.26,ambiguous,med
E2F3,E2F3_Hsapiens-HOCOMOCOv10-E2F3_HUMAN.H10MO.B,CCCGCCAAAC,10,3.78,2.1,3.0517578125e-05,0.0004119873046875,FOXA_disc3,-1.13,retained,med
E2F3,E2F3_Hsapiens-SwissRegulon-E2F3.SwissRegulon,TGATTGGCGCCAAAAAC,17,3.01,2.09,1.1920928955078125e-07,0.000148773193359375,CEBPB_disc2,-3.1,retained,high
E2F4,E2F4_Hsapiens-jaspar2016-E2F4-MA0470.1,TGGCGGGAAAA,11,4.0,1.02,3.4332275390625e-05,0.00031375885009765625,STAT_known16,-0.96,retained,med
E2F4,E2F4_Hsapiens-jolma2013-E2F4,AAAGGCGCCAAT,12,2.66,1.89,1.3113021850585938e-06,0.0005035400390625,SRP9_Hsapiens-hPDI-SRP9,-2.58,retained,high
E2F6,E2F6_Hsapiens-JASPAR_2014-E2F6-MA0471.1,AGGCGGGAAAA,11,2.45,0.63,3.814697265625e-06,0.0010833740234375,TBX15_2,-2.45,retained,high
E2F8,E2F8_Hsapiens-jaspar2018-E2F8-MA0865.1,TCTCCCGCCAAT,12,3.86,1.59,1.9669532775878906e-06,0.00030517578125,GRHPR_Hsapiens-hPDI-GRHPR,-2.19,retained,high
E2F1,E2F_disc5,AAACCCGG,8,2.78,1.1,0.000152587890625,0.0003662109375,MXD4_Hsapiens-hPDI-MXD4,-0.38,ambiguous,med
E2F1,E2F_known15,GGCGCA,6,2.19,1.02,0.002197265625,0.015625,SOD1_Hsapiens-hPDI-SOD1,-0.85,lost,low
E2F1,E2F_known17,TCCCGCCAAAT,11,2.24,0.79,4.9591064453125e-05,0.00244140625,NR4A2_Hsapiens-hPDI-NR4A2,-1.69,retained,med
E2F3,E2F_known25,GAAAATGGCGCCATTTTT,18,2.49,0.59,2.3283064365386963e-10,5.340576171875e-05,YY1_known3,-5.36,dual,high
E2F1,E2F_known4,TTTGGGGC,8,2.15,0.52,0.0004425048828125,0.00439453125,CBFA2T2_Hsapiens-hPDI-CBFA2T2,-1.0,ambiguous,med
EBF1,EBF1_Hsapiens-cisbp_1.02-M6175_1.02,TTCCCTGGGGAC,12,2.39,2.07,1.6689300537109375e-06,0.00067138671875,FAM127B_Hsapiens-hPDI-FAM127B,-2.6,retained,high
EBF1,EBF1_Hsapiens-jaspar2016-EBF1-MA0154.2,TTCCCCAGGGG,11,2.2,1.29,1.4781951904296875e-05,0.0006103515625,RBPJ_Hsapiens-SwissRegulon-RBPJ.SwissRegulon,-1.62,retained,med
EBF1,EBF1_Hsapiens-jaspar2016-EBF1-MA0154.3,AGTCCCCAGGGAAT,14,2.88,1.22,1.0058283805847168e-07,6.294623017311096e-05,AP2C_Hsapiens-HOCOMOCOv10-AP2C_HUMAN.H10MO.A,-2.8,dual,high
EGR1,EGR1_Hsapiens-jolma2013-EGR1-2,GACGCCCACGCACA,14,3.34,0.81,2.0489096641540527e-07,0.00021725893020629883,HIF1A_1,-3.03,retained,high
EGR1,EGR1_disc1,TCGCCCACGC,10,6.0,0.83,7.62939453125e-06,0.002197265625,ZNF354C_Hsapiens-jaspar2018-ZNF354C-MA0130.1,-2.46,retained,high
EGR1,EGR1_known10,ACGCCCACGCG,11,2.1,0.78,3.814697265625e-06,0.0006916522979736328,MXI1_Hsapiens-cisbp_1.02-M4543_1.02,-2.26,retained,high
EGR2,EGR2_Hsapiens-HOCOMOCOv10-EGR2_HUMAN.H10MO.C,GGTGTGGGCGG,11,3.71,0.99,2.384185791015625e-06,0.0011327266693115234,GCM2_Hsapiens-HOCOMOCOv10-GCM2_HUMAN.H10MO.D,-2.68,retained,high
EGR2,EGR2_Hsapiens-jaspar2018-EGR2-MA0472.2,ACGCCCACGTG,11,2.21,1.18,1.33514404296875e-05,1.6927719116210938e-05,MXI1_Hsapiens-cisbp_1.02-M4543_1.02,-0.1,dual,med
ELK1,ELK1_Hsapiens-HOCOMOCOv10-ELK1_HUMAN.H10MO.A,AACGGAAGT,9,5.49,0.5,0.000247955322265625,0.0002288818359375,SOX14_Hsapiens-hPDI-SOX14,0.03,ambiguous,med
ELK1,ELK1_Hsapiens-jolma2013-ELK1-2,AACGGAAGAA,10,8.96,1.62,0.0001773834228515625,0.0002288818359375,SOX14_Hsapiens-hPDI-SOX14,-0.11,ambiguous,med
EMX1,EMX1_Hsapiens-jaspar2018-EMX1-MA0612.1,GTTAATGAGC,10,2.54,0.55,8.0108642578125e-05,0.00054931640625,SMAD2_Hsapiens-hPDI-SMAD2,-0.84,retained,med
EMX1,EMX1_Hsapiens-jolma2013-EMX1,GTCCATTAGC,10,2.05,0.56,0.0006685256958007812,0.0035400390625,BARX1_Hsapiens-hPDI-BARX1,-0.72,ambiguous,med
EN1,EN1_Hsapiens-jolma2013-EN1,CCTAATCAAT,10,2.76,1.19,0.00048828125,0.00036525726318359375,GATA6_Hsapiens-SwissRegulon-GATA6.SwissRegulon,0.13,ambiguous,med
EN1,EN1_Hsapiens-jolma2013-EN1-4,TTATTGCGTAATTA,14,3.26,0.85,1.426786184310913e-06,3.403425216674805e-05,HLF_4,-1.38,dual,high
EN2,EN2_1,TGGCTTAATTATTCGTC,17,2.78,0.58,1.599290408194065e-05,4.247738979756832e-05,POU4F2_1,-0.42,dual,med
EN2,EN2_Hsapiens-SwissRegulon-EN2.SwissRegulon,CCCAATCAAA,10,2.16,0.92,0.0005645751953125,0.00048828125,SCAND2P_Hsapiens-hPDI-SCAND2,0.06,ambiguous,med
EP300,EP300_Hsapiens-SwissRegulon-EP300.SwissRegulon,GCAGGGAGTGCGCG,14,2.38,1.15,2.2351741790771484e-08,0.0002948641777038574,ZSCA4_Hsapiens-HOCOMOCOv10-ZSCA4_HUMAN.H10MO.D,-4.12,retained,high
ERF,ERF_Hsapiens-HOCOMOCOv10-ERF_HUMAN.H10MO.D,TACATGTTGTACGACACTCC,20,2.24,2.23,4.2350620788056403e-08,0.00024111842503771186,ZNF8_1,-3.76,retained,high
ERF,ERF_Hsapiens-SwissRegulon-ERF.SwissRegulon,GCGGGAAGTA,10,2.02,0.97,0.000232696533203125,0.000244140625,OTUD4_Hsapiens-hPDI-OTUD4,-0.02,ambiguous,med
ERG,ERG_Hsapiens-SwissRegulon-ERG.SwissRegulon,CCAGGAAGCT,10,2.48,1.54,9.250640869140625e-05,1.0,,-4.03,retained,med
ERG,ERG_Hsapiens-jaspar2016-ERG-MA0474.2,GACGGAAGTC,10,2.02,0.82,0.00017547607421875,1.0,,-3.76,ambiguous,med
ESRRA,ERR1_Hsapiens-HOCOMOCOv10-ERR1_HUMAN.H10MO.D,GGTCAAGGTCACAG,14,9.81,1.32,2.6226043701171875e-06,1.0,,-5.58,retained,high
ESR1,ESR1_Hsapiens-jaspar2018-ESR1-MA0112.3,GAGGTCACCGTGACCTT,17,2.11,0.51,1.6298145055770874e-09,0.000484466552734375,MYC_disc6,-5.47,retained,high
ESRRA,ESRRA_Hsapiens-jolma2013-ESRRA-3,CAAGGTCATTCCAAGGTCA,19,6.79,0.94,5.4569682106375694e-11,0.000213623046875,TEAD3_2,-6.59,retained,high
ESRRA,ESRRA_known6,AAGGTCACCGTGACCTT,17,2.45,0.92,1.1641532182693481e-10,0.00045013427734375,NFKB_disc4,-6.59,retained,high
ESRRA,ESRRA_known9,CAAGGTCAATTCAAGGTCA,19,5.48,0.96,1.0913936421275139e-11,3.0013674404472113e-05,RARA_Hsapiens-jolma2013-RARA,-6.44,dual,high
ESRRG,ESRRG_Hsapiens-jolma2013-ESRRG-2,AAGGTCACTCAAGGTCG,17,3.28,1.09,1.280568540096283e-09,9.036064147949219e-05,NR1H4_1,-4.85,dual,high
ETS1,ETS1_Hsapiens-jaspar2018-ETS1-MA0098.1,TATGCG,6,6.14,2.96,0.01220703125,0.015625,GPANK1_Hsapiens-hPDI-BAT4,-0.11,lost,low
ETS1,ETS_known16,GCCGGAAACC,10,3.34,1.32,7.534027099609375e-05,0.000461578369140625,TFAP2A_Hsapiens-hPDI-TFAP2A,-0.79,retained,med
ETV2,ETV2_Hsapiens-SwissRegulon-ETV2.SwissRegulon,AAGCGGAAATT,11,2.49,1.13,1.7404556274414062e-05,1.0,,-4.76,retained,med
ETV3,ETV3_Hsapiens-jolma2013-ETV3,GCCGTATGTG,10,2.86,1.27,0.0011224746704101562,0.0004138946533203125,BHLHA15_Hsapiens-SwissRegulon-BHLHA15.SwissRegulon,0.43,ambiguous,med
ETV5,ETV5_Hsapiens-jaspar2016-ETV5-MA0765.1,GACGGAAGCA,10,7.7,1.19,0.0001220703125,0.0009765625,SOX13_Hsapiens-hPDI-SOX13,-0.9,ambiguous,med
ETV6,ETV6_Hsapiens-jaspar2016-ETV6-MA0645.1,CTCGGAAGTG,10,2.19,1.04,4.291534423828125e-05,1.0,,-4.37,retained,med
EVX1,EVX1_Hsapiens-SwissRegulon-EVX1.SwissRegulon,CGTGATTATC,10,2.55,1.48,0.00019073486328125,0.0009765625,CREB3L1_Hsapiens-hPDI-CREB3L1,-0.71,ambiguous,med
EVX2,EVX2_Hsapiens-jaspar2016-EVX2-MA0888.1,GCTCATTACG,10,3.91,1.94,0.0001697540283203125,0.0003662109375,DDX20_Hsapiens-hPDI-DDX20,-0.33,ambiguous,med
FEV,FEV_Hsapiens-jolma2013-FEV,TCCGGAAAAC,10,4.23,1.03,0.0005016326904296875,1.9073486328125e-05,TFAP2A_Hsapiens-hPDI-TFAP2A,1.42,switched,med
FEV,FEV_Rnorvegicus;Hsapiens-jaspar2018-FEV-MA0156.1,TGGGAAGT,8,2.05,0.56,0.000457763671875,0.0009765625,PDLIM5_Hsapiens-hPDI-PDLIM5,-0.33,ambiguous,med
FLI1,FLI1_Hsapiens-SwissRegulon-FLI1.SwissRegulon,CACAGGAAAC,10,3.38,0.88,1.049041748046875e-05,0.000812530517578125,HNRNPA1_Hsapiens-hPDI-HNRPA1,-1.89,retained,med
FOS,FOS::JUND_Hsapiens-jaspar2018-FOS::JUND-MA1141.1,GTATGAGTCATCG,13,2.64,0.68,1.6391277313232422e-07,1.0,,-6.79,retained,high
FOSB,FOSB::JUNB(var.2)_Hsapiens-jaspar2018-FOSB::JUNB(var.2)-MA1136.1,ATTATGTCAT,10,2.47,0.51,3.24249267578125e-05,0.0009765625,GTPBP1_Hsapiens-hPDI-GTPBP1,-1.48,retained,med
FOSB,FOSB::JUNB_Hsapiens-jaspar2018-FOSB::JUNB-MA1135.1,GATGACTAAC,10,7.07,0.8,3.337860107421875e-05,0.004150390625,MEIS2_Hsapiens-SwissRegulon-MEIS2.SwissRegulon,-2.09,retained,med
FOSL1,FOSL1::JUNB_Hsapiens-jaspar2018-FOSL1::JUNB-MA1137.1,CGATGACTCATAG,13,2.68,1.57,3.129243850708008e-07,1.0,,-6.5,retained,high
FOSL1,FOSL1_Hsapiens-hPDI-FOSL1,ATGATGGCA,9,7.83,1.08,4.57763671875e-05,0.000244140625,YY1_Hsapiens-jaspar2016-YY1-MA0095.1,-0.73,retained,med
FOSL2,FOSL2::JUNB(var.2)_Hsapiens-jaspar2018-FOSL2::JUNB(var.2)-MA1139.1,AGTGACGTCACA,12,2.18,0.66,5.0067901611328125e-06,1.0,,-5.3,retained,high
FOSL2,FOSL2_Hsapiens-JASPAR_2014-FOSL2-MA0478.1,CAATGACTCAT,11,2.16,0.61,1.9788742065429688e-05,1.0,,-4.7,retained,med
FOSL2,FOSL2_Hsapiens-jaspar2016-FOSL2-MA0478.1,GCGTGACTCAT,11,2.67,0.57,2.6702880859375e-05,1.0,,-4.57,retained,med
FOS,FOS_Hsapiens-SwissRegulon-FOS.SwissRegulon,CTCTGATTGACT,12,2.51,0.59,1.9669532775878906e-06,1.0,,-5.71,retained,high
FOXA1,FOXA_disc4,AAGTTCAG,8,2.32,1.26,0.0001220703125,0.0003662109375,RARG_Hsapiens-HOCOMOCOv10-RARG_HUMAN.H10MO.S,-0.48,ambiguous,med
FOXA1,FOXA_known2,TGTTTGCTTAT,11,2.8,0.8,5.245208740234375e-06,0.000396728515625,TFAP2C_Hsapiens-hPDI-TFAP2C,-1.88,retained,high
FOXB1,FOXB1_1,GAATGACACGGCGC,14,3.06,1.39,1.4901161193847656e-08,0.0008206367492675781,CR3L1_Hsapiens-HOCOMOCOv10-CR3L1_HUMAN.H10MO.D,-4.74,retained,high
FOXB1,FOXB1_Hsapiens-jolma2013-FOXB1,GGATGACACAGCGA,14,4.1,1.46,6.705522537231445e-08,0.0003113746643066406,FOSL1_Hsapiens-cisbp_1.02-M4619_1.02,-3.67,retained,high
FOXC1,FOXC1_Hsapiens-jaspar2018-FOXC1-MA0032.1,GTTGAGTA,8,3.46,0.77,0.0010528564453125,0.00830078125,IRF1_Hsapiens-hPDI-IRF1,-0.9,lost,med
FOXF1,FOXF1_Hsapiens-SwissRegulon-FOXF1.SwissRegulon,ATGTTTATTCA,11,2.17,1.51,3.5762786865234375e-06,0.00022029876708984375,POU5F1_disc2,-1.79,retained,high
FOXF2,FOXF2_Hsapiens-SwissRegulon-FOXF2.SwissRegulon,CTAACGTAAACAAG,14,3.31,0.63,2.2724270820617676e-07,1.0,,-6.64,retained,high
FOXI1,FOXI1_4,GTGTTGACGGTAAACAA,17,2.72,0.54,5.820766091346741e-10,0.00019477307796478271,E2F7_Hsapiens-jaspar2018-E2F7-MA0758.1,-5.52,retained,high
FOXJ1,FOXJ1_2,TCGATAAACAAAAAGG,16,4.38,0.6,6.344635039567947e-06,1.0,,-5.2,retained,high
FOXJ2,FOXJ2_Hsapiens-HOCOMOCOv10-FOXJ2_HUMAN.H10MO.C,TGTTTATCTA,10,3.65,0.77,8.58306884765625e-06,0.00042724609375,HMGN3_disc2,-1.7,retained,med
FOXJ3,FOXJ3_4,GTATACATAAACA,13,2.01,0.74,4.023313522338867e-07,0.0007330328226089478,POU2F2_Hsapiens-jaspar2018-POU2F2-MA0507.1,-3.26,retained,high
FOXK1,FOXK1_Hsapiens-jaspar2018-FOXK1-MA0852.2,AAGGTAAACAAGCG,14,3.33,0.89,2.2724270820617676e-07,1.0,,-6.64,retained,high
FOXK2,FOXK2_Hsapiens-jaspar2018-FOXK2-MA1103.1,AAGTAAACACG,11,5.07,0.55,4.5299530029296875e-06,1.0,,-5.34,retained,high
FOXL1,FOXL1_Hsapiens-jaspar2018-FOXL1-MA0033.2,GCGAACA,7,4.7,1.3,0.0037841796875,0.000244140625,NFIB_Hsapiens-hPDI-NFIB,1.19,ambiguous,med
FOXM1,FOXM1_Hsapiens-SwissRegulon-FOXM1.SwissRegulon,TCGCTGTTTCCTTCTTGT,18,2.77,1.33,3.652866871561855e-05,8.58306884765625e-05,RAD21_disc3,-0.37,dual,med
FOXO3,FOXO3_4,GCAAACATGTTTAC,14,2.24,0.58,5.587935447692871e-08,0.0001506805419921875,THAP1_disc2,-3.43,retained,high
FOXO4,FOXO4_2,ACGTTGTTTACGTT,14,2.3,1.19,2.9802322387695312e-08,1.0,,-7.53,retained,high
FOXO4,FOXO4_4,GTATACA,7,2.02,0.53,0.00091552734375,0.00830078125,CKMT1B_Hsapiens-hPDI-CKMT1B,-0.96,ambiguous,med
FOXO6,FOXO6_Hsapiens-SwissRegulon-FOXO6.SwissRegulon,ATCCAGA,7,2.92,0.62,0.0135498046875,0.001953125,DUS3L_Hsapiens-hPDI-DUS3L,0.84,lost,med
FOXP2,FOXP2_Hsapiens-jaspar2016-FOXP2-MA0593.1,AAGTAAACAGT,11,3.46,1.39,5.245208740234375e-06,1.0,,-5.28,retained,high
FOXP3,FOXP3_Hsapiens-HOCOMOCOv10-FOXP3_HUMAN.H10MO.D,TATGTGTTT,9,2.01,0.88,4.9591064453125e-05,0.0020904541015625,SNRPB2_Hsapiens-hPDI-SNRPB2,-1.62,retained,med
FOXQ1,FOXQ1_Hsapiens-SwissRegulon-FOXQ1.SwissRegulon,CAATGTTTATT,11,2.12,0.81,3.337860107421875e-06,0.000518798828125,POU3F4_2,-2.19,retained,high
GABPA,GABPA_Hsapiens-jaspar2018-GABPA-MA0062.1,GACGGAAGAG,10,2.27,1.05,4.863739013671875e-05,1.0,,-4.31,retained,med
GATA1,GATA1::TAL1_Hsapiens-jaspar2016-GATA1::TAL1-MA0140.2,CTTATCTGGCATTCCCAG,18,2.42,1.02,6.728805601596832e-07,1.0013580322265625e-05,HAND1_Hsapiens-cisbp_1.02-M6268_1.02,-1.17,dual,high
GATA1,GATA1_Hsapiens-SwissRegulon-GATA1.SwissRegulon,GAGATAAGCG,10,3.76,0.6,1.811981201171875e-05,0.0013427734375,OTX_1,-1.87,retained,med
GATA2,GATA2_Hsapiens-jaspar2016-GATA2-MA0036.2,TCGTTCTTATCTCT,14,2.53,0.53,2.384185791015625e-07,0.00031489133834838867,FUBP1_Hsapiens-SwissRegulon-FUBP1.SwissRegulon,-3.12,retained,high
GATA3,GATA3_Hsapiens-jaspar2016-GATA3-MA0037.1,CGAGAG,6,2.02,0.76,0.007080078125,0.01171875,UGP2_Hsapiens-hPDI-UGP2,-0.22,lost,low
GATA3,GATA3_Hsapiens-jolma2013-GATA3,GGATAAGG,8,3.16,0.94,0.000732421875,0.00390625,CBFB_Hsapiens-hPDI-CBFB,-0.73,ambiguous,med
GATA4,GATA4_Hsapiens-jolma2013-GATA4,AGATACCC,8,2.27,1.29,0.001373291015625,0.00360107421875,HCFC2_Hsapiens-hPDI-HCFC2,-0.42,lost,med
GATA1,GATA_known4,GACATGATAGGGGC,14,4.45,1.65,1.0855495929718018e-05,0.0003662109375,TCF7L2_disc2,-1.53,retained,med
GBX2,GBX2_Hsapiens-jaspar2018-GBX2-MA0890.1,TGCAATTATT,10,2.04,0.74,0.00040531158447265625,0.0002384185791015625,FOXA_disc2,0.23,ambiguous,med
GCM1,GCM1_2,AATGCGGGTA,10,2.65,1.58,2.86102294921875e-06,0.0016326904296875,EGR1_disc5,-2.76,retained,high
GCM1,GCM1_4,TATGCGGGTAC,11,2.39,0.64,1.6689300537109375e-06,0.0008196830749511719,RUNX1_Hsapiens-HOCOMOCOv10-RUNX1_HUMAN.H10MO.A,-2.69,retained,high
GCM1,GCM1_Hsapiens-jolma2013-GCM1-2,ATACTGGTACCCGCAT,16,2.02,1.19,1.862645149230957e-09,0.0003349184989929199,ZNF524_Hsapiens-jolma2013-ZNF524,-5.25,retained,high
GCM2,GCM2_Hsapiens-jaspar2018-GCM2-MA0767.1,CATACGGGTA,10,2.19,1.39,1.1444091796875e-05,0.00244140625,EBF1_Hsapiens-hPDI-EBF1,-2.33,retained,med
GFI1,GFI1_Hsapiens-SwissRegulon-GFI1.SwissRegulon,AATCAGTG,8,2.15,0.54,0.000152587890625,0.00244140625,IVD_Hsapiens-hPDI-IVD,-1.2,ambiguous,med
GLI1,GLI1_Hsapiens-SwissRegulon-GLI1.SwissRegulon,GTGGGTGTTCT,11,2.81,0.69,1.4066696166992188e-05,0.00042724609375,GCR_Hsapiens-HOCOMOCOv10-GCR_HUMAN.H10MO.S,-1.48,retained,med
GLI2,GLI2_Hsapiens-jaspar2018-GLI2-MA0734.1,GCGACCACACAT,12,3.11,0.73,1.7285346984863281e-06,0.00047397613525390625,RUNX3_Hsapiens-jolma2013-RUNX3-2,-2.44,retained,high
GLI2,GLI2_Hsapiens-jolma2013-GLI2,GACCACCCACAATG,14,2.38,0.92,4.0978193283081055e-08,0.00048828125,SOX17_1,-4.08,retained,high
GLIS3,GLIS3_Hsapiens-jolma2013-GLIS3,GACCCCACACGAAG,14,2.09,0.63,1.5273690223693848e-07,0.00024497509002685547,SREBP_known4,-3.21,retained,high
GMEB2,GMEB2_1,TGACGCAC,8,2.09,1.39,0.0001373291015625,0.000244140625,FOSL1_Hsapiens-SwissRegulon-FOSL1.SwissRegulon,-0.25,ambiguous,med
GMEB2,GMEB2_Hsapiens-jolma2013-GMEB2,TTACGCAT,8,2.67,1.99,0.0003509521484375,0.0015869140625,FOSL1_Hsapiens-SwissRegulon-FOSL1.SwissRegulon,-0.66,ambiguous,med
GRHL1,GRHL1_3,AAAACTGGTTTT,12,6.05,1.52,1.3113021850585938e-06,6.35981559753418e-05,TEAD4_Hsapiens-SwissRegulon-TEAD4.SwissRegulon,-1.69,dual,high
GRHL1,GRHL1_Hsapiens-jaspar2016-GRHL1-MA0647.1,TAAACAGGTTTG,12,2.05,0.78,6.258487701416016e-06,0.001201629638671875,ITF2_Hsapiens-HOCOMOCOv10-ITF2_HUMAN.H10MO.B,-2.28,retained,high
GRHPR,GRHPR_Hsapiens-hPDI-GRHPR,GGGCGAG,7,3.82,0.75,0.00030517578125,0.00439453125,OTUD4_Hsapiens-hPDI-OTUD4,-1.16,ambiguous,med
GSC,GSC2_Hsapiens-SwissRegulon-GSC2.SwissRegulon,ATTAATCCTA,10,2.98,0.71,0.00018596649169921875,0.00390625,TBPL1_Hsapiens-hPDI-TBPL1,-1.32,ambiguous,med
GSC,GSC_1,AATCGTTAATCCGCTAC,17,2.07,0.73,1.2398231774568558e-08,1.2069009244441986e-05,MYBL2_4,-2.99,dual,high
GSX1,GSX1_Hsapiens-jaspar2018-GSX1-MA0892.1,CGTCATTATA,10,2.18,1.97,0.000644683837890625,0.0003662109375,MAFG_Hsapiens-HOCOMOCOv10-MAFG_HUMAN.H10MO.S,0.25,ambiguous,med
GZF1,GZF1_1,TGCGCCTCTATA,12,3.97,2.17,2.980232238769531e-07,0.001708984375,PDLIM5_Hsapiens-hPDI-PDLIM5,-3.76,retained,high
H2AFY,H2AFY_Hsapiens-hPDI-H2AFY,AGATGGCTG,9,3.74,1.26,1.52587890625e-05,0.0001678466796875,MEIS3_Hsapiens-hPDI-MEIS3,-1.04,retained,med
HAND1,HAND1_2,CGTCTGGAAT,10,2.56,0.77,7.62939453125e-06,0.0013580322265625,SMAD3_Hsapiens-jaspar2016-SMAD3-MA0795.1,-2.25,retained,high
HAND1,HAND1_Hsapiens-cisbp_1.02-M6268_1.02,AAATCCAGACCC,12,4.15,0.69,5.364418029785156e-07,0.0010061264038085938,ETS_disc6,-3.27,retained,high
HDAC2,HDAC2_disc3,TCAGCACCACGGACAGCTCT,20,2.31,0.89,2.000888343900442e-11,0.0016241073608398438,NR4A3_Hsapiens-HOCOMOCOv10-NR4A3_HUMAN.H10MO.D,-7.91,retained,high
HES5,HES5_Hsapiens-cisbp_1.02-M5505_1.02,TGGCACGTGGCG,12,3.19,0.55,1.430511474609375e-06,1.0,,-5.84,retained,high
HES5,HES5_Hsapiens-jolma2013-HES5-2,AGGCACGTGGCG,12,8.3,1.77,3.039836883544922e-06,1.0,,-5.52,retained,high
HES7,HES7_Hsapiens-SwissRegulon-HES7.SwissRegulon,AGGCACGTGCGA,12,2.95,0.86,4.589557647705078e-06,1.0,,-5.34,retained,high
HEY1,HEY1_Hsapiens-HOCOMOCOv10-HEY1_HUMAN.H10MO.D,GGGCACGTGGCT,12,3.02,0.59,1.7881393432617188e-06,1.0,,-5.75,retained,high
HEY1,HEY1_disc2,CGCCCACGTGCAGAGG,16,2.28,0.79,6.866455078125e-05,4.5299530029296875e-06,MYC_Hsapiens-jaspar2018-MYC-MA0147.3,1.18,dual,high
HEY2,HEY2_2,GCCACGTGCT,10,7.38,0.52,4.673004150390625e-05,1.0,,-4.33,retained,med
HEY2,HEY2_Hsapiens-cisbp_1.02-M5510_1.02,GTCGCGTGTC,10,2.76,0.73,0.00011348724365234375,1.0,,-3.95,ambiguous,med
HEY2,HEY2_Hsapiens-jaspar2018-HEY2-MA0649.1,GAAACGTGCG,10,2.23,1.98,0.00011157989501953125,0.00048828125,CSNK2B_Hsapiens-hPDI-CSNK2B,-0.64,ambiguous,med
HIC1,HIC1_2,GATGGTTGCAATCCGTTT,18,3.2,1.25,0.0026726500364020467,1.341104507446289e-05,LHX6_Hsapiens-jolma2013-LHX6-3,2.3,switched,med
HIF1A,HIF1A::ARNT_1,GCACGTGG,8,3.1,0.51,0.0001220703125,0.00244140625,MYF6_Hsapiens-cisbp_1.02-M6353_1.02,-1.3,ambiguous,med
HIF1A,HIF1A::ARNT_Hsapiens-JASPAR_CORE-HIF1A::ARNT-MA0259.1,GAACGTGC,8,3.87,0.65,0.0002593994140625,0.0018310546875,HSF1_Hsapiens-hPDI-HSF1,-0.85,ambiguous,med
HINFP,HINFP_2,CAACGTCCGCGC,12,2.85,2.44,1.7881393432617188e-07,0.00029754638671875,EGR1_disc3,-3.22,retained,high
HLF,HLF_Hsapiens-JASPAR_2014-HLF-MA0043.1,GATTACGCAATG,12,7.59,0.86,4.2378902435302734e-05,1.0,,-4.37,retained,med
HLF,HLF_Hsapiens-cisbp_1.02-M1875_1.02,GATTACGTAATT,12,2.41,0.79,1.9073486328125e-06,1.0,,-5.72,retained,high
HLF,HLF_Hsapiens-cisbp_1.02-M5516_1.02,GGTTACGTAAGG,12,2.1,1.79,4.76837158203125e-06,1.0,,-5.32,retained,high
HLF,HLF_Hsapiens-cisbp_1.02-M6277_1.02,GGGTTACGCAATC,13,3.15,0.53,2.682209014892578e-07,1.0,,-6.57,retained,high
HLF,HLF_Hsapiens-jaspar2018-HLF-MA0043.2,CATTACGCAACC,12,3.81,2.14,1.7821788787841797e-05,7.2479248046875e-05,MRPS25_Hsapiens-hPDI-MRPS25,-0.61,dual,med
HMGN3,HMGN3_disc2,CTTATCTT,8,3.09,0.68,9.1552734375e-05,0.0030517578125,GRHL1_Hsapiens-hPDI-GRHL1,-1.52,retained,med
HMX1,HMX1_Hsapiens-SwissRegulon-HMX1.SwissRegulon,CACGTGCGTG,10,2.84,3.49,3.910064697265625e-05,0.0002384185791015625,NRF1_known1,-0.79,retained,med
HMX1,HMX1_Hsapiens-jolma2013-HMX1,AGCACTTAAAG,11,3.86,1.16,2.09808349609375e-05,1.0,,-4.68,retained,med
HMX3,HMX3_3,ACCAATTATCG,11,2.94,0.93,8.20159912109375e-05,1.0,,-4.09,retained,med
HMX3,HMX3_Hsapiens-jolma2013-HMX3,AACAATTAACC,11,2.6,0.62,8.344650268554688e-06,1.0,,-5.08,retained,med
HNF1A,HNF1A_Hsapiens-SwissRegulon-HNF1A.SwissRegulon,GGTTAATCTTTAACC,15,3.1,0.81,3.259629011154175e-08,0.0001595020294189453,DPRX_Hsapiens-HOCOMOCOv10-DPRX_HUMAN.H10MO.D,-3.69,retained,high
HNF1B,HNF1B_Hsapiens-SwissRegulon-HNF1B.SwissRegulon,GTTAATGATTACC,13,2.03,0.57,8.046627044677734e-07,0.000457763671875,CUX1_10,-2.76,retained,high
HNF4A,HNF4A_Hsapiens-jaspar2016-HNF4A-MA0114.2,TTGAACTTTGGACTT,15,3.38,0.52,2.9802322387695312e-08,1.0,,-7.53,retained,high
HNF4A,HNF4A_Hsapiens-jolma2013-HNF4A-5,GAGGTCAAAGTCCACA,16,5.0,0.81,6.752088665962219e-09,1.0,,-8.17,retained,high
HNF4G,HNF4_disc1,TGGACTTTGCACT,13,6.1,1.11,1.087784767150879e-06,0.00128173828125,CD59_Hsapiens-hPDI-CD59,-3.07,retained,high
HNF4G,HNF4_disc4,AGCAAACAT,9,2.44,0.73,3.814697265625e-06,1.0,,-5.42,retained,high
HOXA13,HOXA13_5,ACTCGTAAAAC,11,2.44,1.19,1.430511474609375e-06,0.0006256103515625,E4F1_Hsapiens-SwissRegulon-E4F1.SwissRegulon,-2.64,retained,high
HOXA3,HOXA3_3,TCGCGCTAATTAAT,14,2.18,0.7,2.123415470123291e-07,1.0,,-6.67,retained,high
HOXA4,HOXA4_2,AGTTATTAATTAACGCG,17,2.15,0.58,4.016328603029251e-09,1.0,,-8.4,retained,high
HOXA7,HOXA7_Hsapiens-SwissRegulon-HOXA7.SwissRegulon,CGCTTTAATTATTTTGC,17,2.3,1.06,2.3702159523963928e-07,1.0,,-6.63,retained,high
HOXB13,HOXB13_3,GCTCATAAAAT,11,3.86,1.45,5.7220458984375e-06,1.0,,-5.24,retained,high
HOXB13,HOXB13_Hsapiens-jaspar2018-HOXB13-MA0901.1,CCTATAAATC,10,2.03,1.29,7.915496826171875e-05,0.00067138671875,H1FX_Hsapiens-hPDI-H1FX,-0.93,retained,med
HOXB2,HOXB2_Hsapiens-jaspar2018-HOXB2-MA0902.1,CATAATTATG,10,2.68,0.77,0.000732421875,1.0,,-3.14,ambiguous,med
HOXB3,HOXB3_Hsapiens-jaspar2016-HOXB3-MA0903.1,TCTCATTAAG,10,3.32,0.91,0.00390625,1.0,,-2.41,lost,med
HOXB5,HOXB5_Hsapiens-SwissRegulon-HOXB5.SwissRegulon,TGCCCTTTTACACATTACTTCCTGCCACCT,30,2.03,1.04,4.2239612767832474e-07,1.9073486328125e-06,ETV7_1,-0.65,dual,high
HOXB6,HOXB6_1,TATTCGTAATTACCTA,16,3.77,0.97,2.3050233721733093e-08,0.000118255615234375,ZNF784_Hsapiens-SwissRegulon-ZNF784.SwissRegulon,-3.71,retained,high
HOXB7,HOXB7_1,CTAGTAATTAGTGTCA,16,3.68,0.97,2.7567148208618164e-07,1.0,,-6.56,retained,high
HOXB8,HOXB8_Hsapiens-SwissRegulon-HOXB8.SwissRegulon,TTGATTTATGG,11,2.61,0.98,3.5762786865234375e-06,0.00048828125,UBP1_Hsapiens-SwissRegulon-UBP1.SwissRegulon,-2.14,retained,high
HOXC10,HOXC10_5,GTCATAAATT,10,2.19,1.47,2.288818359375e-05,0.0010223388671875,TBPL1_Hsapiens-hPDI-TBPL1,-1.65,retained,med
HOXC10,HOXC10_Hsapiens-jaspar2016-HOXC10-MA0905.1,GTCATAAATC,10,2.05,1.44,3.62396240234375e-05,0.0010223388671875,TBPL1_Hsapiens-hPDI-TBPL1,-1.45,retained,med
HOXC10,HOXC10_Hsapiens-jaspar2018-HOXC10-MA0905.1,GTCATAAACT,10,2.18,1.86,4.57763671875e-05,0.00146484375,CELF5_Hsapiens-hPDI-BRUNOL5,-1.51,retained,med
HOXC11,HOXC11_Hsapiens-jaspar2018-HOXC11-MA0651.1,TGTCGTTAAAC,11,3.21,1.87,2.8848648071289062e-05,0.0010986328125,ATF2_3,-1.58,retained,med
HOXC11,HOXC11_Hsapiens-jolma2013-HOXC11-3,TGTCGTTAAAG,11,2.6,1.03,2.4557113647460938e-05,0.00019979476928710938,ATF3_known10,-0.91,retained,med
HOXC12,HOXC12_3,GGTCGTAAACA,11,4.65,2.38,4.5299530029296875e-06,1.0,,-5.34,retained,high
HOXC12,HOXC12_Hsapiens-jaspar2018-HOXC12-MA0906.1,GGTTGTAAAAC,11,2.58,0.71,2.0265579223632812e-05,0.00014495849609375,CEBPB_disc1,-0.85,retained,med
HOXC9,HOXC9_Hsapiens-SwissRegulon-HOXC9.SwissRegulon,GGCGGTCATAAATTTG,16,2.31,0.8,4.041939973831177e-07,1.0,,-6.39,retained,high
HOXD11,HOXD11_Hsapiens-jolma2013-HOXD11,CTCGTAAATC,10,3.16,1.97,6.961822509765625e-05,0.00067901611328125,E4F1_Hsapiens-SwissRegulon-E4F1.SwissRegulon,-0.99,retained,med
HOXD12,HOXD12_Hsapiens-jaspar2016-HOXD12-MA0873.1,AATCGTAAATC,11,3.06,1.14,1.1920928955078125e-05,0.000732421875,E4F1_Hsapiens-HOCOMOCOv10-E4F1_HUMAN.H10MO.D,-1.79,retained,med
HOXD12,HOXD12_Hsapiens-jolma2013-HOXD12-4,GCGATAAAT,9,3.51,1.43,0.000347137451171875,0.000732421875,H1FX_Hsapiens-hPDI-H1FX,-0.32,ambiguous,med
HOXD13,HOXD13_4,GCTATAAAAC,10,2.58,1.38,7.2479248046875e-05,0.00067138671875,H1FX_Hsapiens-hPDI-H1FX,-0.97,retained,med
HSF2,HSF2_2,TTCTAGAAGCTTC,13,2.15,0.51,5.364418029785156e-07,0.001953125,GLTPD1_Hsapiens-hPDI-MGC10334,-3.56,retained,high
HSF2,HSF2_Hsapiens-SwissRegulon-HSF2.SwissRegulon,GGAATGTTCT,10,2.71,2.12,4.76837158203125e-06,0.00048828125,SCMH1_Hsapiens-hPDI-SCMH1,-2.01,retained,high
HSF4,HSF4_Hsapiens-jolma2013-HSF4,TTCGAGAAACTTC,13,4.94,1.16,2.726912498474121e-06,0.000194549560546875,BATF_disc2,-1.85,retained,high
HSFY1,HSFY1_Hsapiens-HOCOMOCOv10-HSFY1_HUMAN.H10MO.D,ATTCGAACGTAA,12,3.29,2.41,5.960464477539062e-07,0.0002899169921875,ATF2_1,-2.69,retained,high
HSFY2,HSFY2_Hsapiens-jolma2013-HSFY2,TTCGAAGCATTCGAA,15,2.76,2.47,1.30385160446167e-08,0.00048828125,WISP2_Hsapiens-hPDI-WISP2,-4.57,retained,high
HSFY2,HSFY2_Hsapiens-jolma2013-HSFY2-3,TTCGAAATATTCGAA,15,3.82,2.29,5.960464477539063e-08,0.00128173828125,ZBTB12_Hsapiens-hPDI-ZBTB12,-4.33,retained,high
HSF1,HSF_disc1,GTTGCGTAAC,10,2.97,1.91,2.86102294921875e-06,0.0004863739013671875,FOSL1::JUN(var.2)_Hsapiens-jaspar2018-FOSL1::JUN(var.2)-MA1129.1,-2.23,retained,high
HOXA10,HXA10_Hsapiens-HOCOMOCOv10-HXA10_HUMAN.H10MO.C,GATGATTTATGT,12,2.19,1.01,3.5762786865234375e-07,0.00048089027404785156,NFE2_known2,-3.13,retained,high
HOXC10,HXC10_Hsapiens-HOCOMOCOv10-HXC10_HUMAN.H10MO.D,ATTATTGGTCGTTAATAGC,19,2.6,1.12,3.504753112792969e-05,6.29425048828125e-05,IRF_disc1,-0.25,dual,med
HOXC6,HXC6_Hsapiens-HOCOMOCOv10-HXC6_HUMAN.H10MO.D,TTGATTTATTACTTT,15,5.22,1.19,9.313225746154785e-10,0.00043020863085985184,CUX1_2,-5.66,retained,high
ID4,ID4_Hsapiens-cisbp_1.02-M5571_1.02,GGCAGGTGCA,10,2.06,0.57,4.76837158203125e-06,1.0,,-5.32,retained,high
IKZF2,IKZF2_3,ATAAGGAAAAT,11,2.49,0.91,1.6689300537109375e-06,0.000560760498046875,XG_Hsapiens-hPDI-XG,-2.53,retained,high
IRF1,IRF1_Hsapiens-HOCOMOCOv10-IRF1_HUMAN.H10MO.A,GAAATGGAAAGCGAAAGTGC,20,3.73,1.57,8.816641638986766e-09,1.0,,-8.05,retained,high
IRF1,IRF1_Hsapiens-JASPAR_CORE-IRF1-MA0050.1,GAAACCGAAACC,12,3.67,1.94,3.3974647521972656e-06,0.000732421875,CFL2_Hsapiens-hPDI-CFL2,-2.33,retained,high
IRF1,IRF1_Hsapiens-SwissRegulon-IRF1.SwissRegulon,GAAACCGAAAGT,12,2.72,1.27,1.1324882507324219e-06,6.103515625e-05,EP300_disc4,-1.73,dual,high
IRF1,IRF1_Hsapiens-jaspar2016-IRF1-MA0050.2,CTGTAGTTTTACTTTCCGTTC,21,2.04,1.7,2.5061854103114456e-07,9.5367431640625e-06,SIX5_disc4,-1.58,dual,high
IRF2,IRF2_Hsapiens-HOCOMOCOv10-IRF2_HUMAN.H10MO.C,CGAAAGTGAAAGCG,14,2.21,0.57,3.3527612686157227e-08,0.001708984375,PAXIP1_Hsapiens-hPDI-PAXIP1,-4.71,retained,high
IRF2,IRF2_Hsapiens-jaspar2018-IRF2-MA0051.1,GGAAAGTGAAACCGAATC,18,2.9,1.87,5.820766091346741e-10,1.0,,-9.24,retained,high
IRF4,IRF4_1,CAAATCGAAACCGAA,15,4.24,3.09,7.35744833946228e-08,0.00010585784912109375,TATA_disc6,-3.16,retained,high
IRF5,IRF5_Hsapiens-jaspar2018-IRF5-MA1420.1,CGGAAACCGAAACT,14,2.59,2.37,3.986060619354248e-07,0.00046539306640625,NFAC4_Hsapiens-HOCOMOCOv10-NFAC4_HUMAN.H10MO.C,-3.07,retained,high
IRF5,IRF5_Hsapiens-jolma2013-IRF5,ACGAAACCGAACCT,14,2.52,0.79,8.23289155960083e-07,0.000732421875,MYC_disc7,-2.95,retained,high
IRF7,IRF7_Hsapiens-HOCOMOCOv10-IRF7_HUMAN.H10MO.C,GAAACTGAAA,10,3.24,1.4,2.86102294921875e-06,0.0012979507446289062,MYBL2_Hsapiens-SwissRegulon-MYBL2.SwissRegulon,-2.66,retained,high
IRF8,IRF8_Hsapiens-jaspar2018-IRF8-MA0652.1,GCGAAACCGAAACA,14,2.17,1.92,1.9744038581848145e-07,0.000579833984375,DUSP26_Hsapiens-hPDI-DUSP26,-3.47,retained,high
IRF8,IRF8_Hsapiens-jolma2013-IRF8,CAGAAACCGAAACT,14,2.89,2.16,2.421438694000244e-07,0.00084686279296875,MEF2_disc2,-3.54,retained,high
IRF8,IRF8_Hsapiens-jolma2013-IRF8-2,TTGAAACCGAAACA,14,6.88,0.73,2.868473529815674e-07,0.0015230178833007812,MYBL2_Hsapiens-SwissRegulon-MYBL2.SwissRegulon,-3.73,retained,high
IRF1,IRF_disc3,GTTTCACTTTCAGTT,15,2.06,1.63,7.450580596923828e-09,0.0012989044189453125,ETV7_1,-5.24,retained,high
IRF5,IRF_known12,TAAAACCGAAACCAA,15,2.36,1.26,5.289912223815918e-07,0.0002471804618835449,SPIB_Hsapiens-SwissRegulon-SPIB.SwissRegulon,-2.67,retained,high
IRF2,IRF_known2,GAAAACCGAAAGC,13,2.8,0.6,3.2782554626464844e-07,2.288818359375e-05,ETS_disc4,-1.84,dual,high
IRF8,IRF_known20,CCGAAACCGAAACA,14,2.17,2.04,8.568167686462402e-08,0.0015230178833007812,MYBL2_Hsapiens-SwissRegulon-MYBL2.SwissRegulon,-4.25,retained,high
IRF7,IRF_known4,AAGGAAATTGAAAGTGGA,18,3.53,1.24,9.481795132160187e-06,5.91278076171875e-05,AP1_disc8,-0.79,dual,med
IRF,IRF_known8,GAAACTGAAAG,11,16.73,2.86,1.6689300537109375e-06,0.0012979507446289062,MYBL2_Hsapiens-SwissRegulon-MYBL2.SwissRegulon,-2.89,retained,high
IRX3,IRX3_Hsapiens-HOCOMOCOv10-IRX3_HUMAN.H10MO.D,TTACATGTAAT,11,2.56,1.04,4.76837158203125e-07,0.00347900390625,SMUG1_Hsapiens-hPDI-SMUG1,-3.86,retained,high
ISL2,ISL2_2,CCACTTAA,8,2.32,1.37,4.57763671875e-05,1.0,,-4.34,retained,med
JDP2,JDP2_2,GTGAGTCAC,9,2.65,1.77,2.6702880859375e-05,0.004638671875,GTF3C5_Hsapiens-hPDI-GTF3C5,-2.24,retained,med
JDP2,JDP2_4,ATGACGCAT,9,2.31,2.25,0.00014495849609375,0.000293731689453125,ATF3_known14,-0.31,ambiguous,med
JDP2,JDP2_6,CTGACTCAC,9,3.31,1.7,0.000152587890625,0.0050048828125,MEIS2_Hsapiens-SwissRegulon-MEIS2.SwissRegulon,-1.52,ambiguous,med
JDP2,JDP2_7,GGTGACGTCATT,12,2.18,0.65,4.76837158203125e-07,1.0,,-6.32,retained,high
JDP2,JDP2_Hsapiens-jaspar2016-JDP2-MA0655.1,ATGACGCAC,9,8.11,4.17,0.000217437744140625,0.0001373291015625,GMEB2_Hsapiens-jolma2013-GMEB2,0.2,ambiguous,med
JUND,JUND_Hsapiens-cisbp_1.02-M4464_1.02,AATGAGTCATAACGAAAGT,19,2.62,1.27,1.1714291758835316e-09,1.0,,-8.93,retained,high
JUND,JUND_Hsapiens-cisbp_1.02-M4571_1.02,CGATGACGCAATCCT,15,3.0,1.11,1.555308699607849e-07,1.3053417205810547e-05,CEBPB_Hsapiens-HOCOMOCOv10-CEBPB_HUMAN.H10MO.A,-1.92,dual,high
JUND,JUND_Hsapiens-cisbp_1.02-M4624_1.02,GATGACGTCATCGC,14,2.27,0.78,1.862645149230957e-08,1.0,,-7.73,retained,high
AR,KDM5A_Hsapiens-hPDI-JARID1A,CAAGTGT,7,2.83,0.57,0.00091552734375,0.00146484375,HES5_Hsapiens-hPDI-HES5,-0.2,ambiguous,med
LBX2,LBX2_Hsapiens-jolma2013-LBX2,CTGGAAGTAATTA,13,2.21,0.53,3.725290298461914e-07,2.002716064453125e-05,ETV7_1,-1.73,dual,high
LHX2,LHX2_3,TAATTACCCTAATTA,15,3.32,0.75,5.587935447692871e-09,0.00021774321794509888,EN1_5,-4.59,retained,high
LHX2,LHX2_Hsapiens-jaspar2018-LHX2-MA0700.1,GCTAATTGTC,10,2.57,0.87,0.0009765625,1.0,,-3.01,ambiguous,med
LHX6,LHX6_1,CTGCGCTAATTAGGTTA,17,2.97,2.1,6.193295121192932e-08,1.0,,-7.21,retained,high
LHX9,LHX9_3,TAATTGCTCATTA,13,3.16,0.56,1.1920928955078125e-07,0.00028896331787109375,MAF_disc2,-3.38,retained,high
MAFA,MAFA_Hsapiens-HOCOMOCOv10-MAFA_HUMAN.H10MO.D,CTTCTGAACCTGCAACATCCG,21,2.26,1.25,1.961700490937801e-07,0.0004119873046875,CTCF_disc10,-3.32,retained,high
MAFB,MAFB_Hsapiens-cisbp_1.02-M6331_1.02,TGCTGACGC,9,4.37,4.0,1.52587890625e-05,0.001220703125,TIMM8A_Hsapiens-hPDI-TIMM8A,-1.9,retained,med
MAFK,MAFK_Hsapiens-jolma2013-MAFK,GAATGTGCTGAC,12,2.12,2.36,4.470348358154297e-06,0.00244140625,SMAD3_Hsapiens-hPDI-SMAD3,-2.74,retained,high
MAFK,MAFK_Hsapiens-jolma2013-MAFK-2,AAACCGCTGAGGCAGCGCGTT,21,2.17,0.91,1.1407482816139236e-06,0.0001825783256208524,RUNX3_3,-2.2,retained,high
MAFF,MAF_disc2,AAATTGCTGACT,12,3.57,1.81,6.556510925292969e-07,0.00128173828125,SNRNP70_Hsapiens-hPDI-SNRP70,-3.29,retained,high
MAFB,MAF_known10,TAAATGCTGACT,12,3.2,0.62,8.940696716308594e-07,0.000934600830078125,XG_Hsapiens-hPDI-XG,-3.02,retained,high
MAFB,MAF_known12,AGTGCTGACGTAAGCATA,18,2.06,0.5,2.764863893389702e-10,8.483231067657471e-05,MAFK_Hsapiens-cisbp_1.02-M4573_1.02,-5.49,dual,high
MAFK,MAF_known8,AAATGTGCTGAC,12,2.07,1.38,8.344650268554688e-07,0.00244140625,SMAD3_Hsapiens-hPDI-SMAD3,-3.47,retained,high
MAX,MAX_Hsapiens-cisbp_1.02-M1889_1.02,GAGCACATGG,10,4.03,0.6,1.9073486328125e-06,0.001953125,SOD1_Hsapiens-hPDI-SOD1,-3.01,retained,high
MAX,MAX_Hsapiens-cisbp_1.02-M4542_1.02,AGCACGTGGCA,11,2.15,0.92,4.291534423828125e-06,1.0,,-5.37,retained,high
MAX,MAX_Hsapiens-cisbp_1.02-M4627_1.02,GCACGTGCTC,10,4.4,1.36,2.6702880859375e-05,0.001953125,SOD1_Hsapiens-hPDI-SOD1,-1.86,retained,med
MAX,MAX_Hsapiens-jaspar2018-MAX-MA0058.2,GAGCACGTGT,10,4.94,3.26,4.1961669921875e-05,0.0009765625,RBBP5_Hsapiens-hPDI-RBBP5,-1.37,retained,med
MAX,MAX_Hsapiens-jaspar2018-MAX-MA0058.3,ACCGCGTGGT,10,5.37,1.73,0.00027370452880859375,0.00029754638671875,SMC3_disc2,-0.04,ambiguous,med
MAX,MAX_Hsapiens-jolma2013-MAX-2,ACCACGAGGT,10,5.67,2.22,0.00042057037353515625,1.1444091796875e-05,SMC3_disc2,1.57,switched,med
MEIS1,MEIS1::HOXA9_1,TGACAGTTTTATGG,14,4.52,1.5,3.725290298461914e-09,0.0007549524307250977,NR4A1_Hsapiens-SwissRegulon-NR4A1.SwissRegulon,-5.31,retained,high
MEIS1,MEIS1::HOXA9_2,TGACAGGTTTATGG,14,2.23,0.88,4.0978193283081055e-08,0.000148773193359375,SNAI2_Hsapiens-jaspar2016-SNAI2-MA0745.1,-3.56,retained,high
MEIS1,MEIS1_Hsapiens-jaspar2016-MEIS1-MA0498.2,TTGACGT,7,4.04,1.89,0.00213623046875,0.0009765625,ETS1_Hsapiens-hPDI-ETS1,0.34,ambiguous,med
MEIS1,MEIS1_Hsapiens-jolma2013-MEIS1,ACGACAC,7,10.22,1.69,0.00396728515625,0.004638671875,RUNX1_7,-0.07,lost,med
MEIS2,MEIS2_Hsapiens-jolma2013-MEIS2,GTGACAGGTGTCAA,14,3.35,0.63,6.705522537231445e-08,5.054473876953125e-05,HES5_Hsapiens-cisbp_1.02-M5505_1.02,-2.88,dual,high
MEIS3,MEIS3_Hsapiens-HOCOMOCOv10-MEIS3_HUMAN.H10MO.D,GTTGACAGGTG,11,4.62,1.14,4.76837158203125e-07,0.0002288818359375,FOXA_disc3,-2.68,retained,high
MEIS3,MEIS3_Hsapiens-jaspar2018-MEIS3-MA0775.1,ATGACATT,8,2.68,0.81,0.00054931640625,0.0006103515625,ZSWIM1_Hsapiens-hPDI-ZSWIM1,-0.05,ambiguous,med
MEOX1,MEOX1_Hsapiens-jaspar2018-MEOX1-MA0661.1,GGTCATTACG,10,2.26,1.88,0.00016021728515625,1.0,,-3.8,ambiguous,med
MEOX2,MEOX2_Hsapiens-jaspar2018-MEOX2-MA0706.1,TGTCATTAAT,10,3.78,0.72,0.00012969970703125,4.57763671875e-05,TBPL1_Hsapiens-hPDI-TBPL1,0.45,switched,med
MEOX2,MEOX2_Hsapiens-jolma2013-MEOX2,CGTAATCAAC,10,2.26,0.72,0.0002231597900390625,0.000457763671875,FOXG1_Hsapiens-jaspar2016-FOXG1-MA0613.1,-0.31,ambiguous,med
METTL21B,METTL21B_Hsapiens-hPDI-FAM119B,GAATGT,6,3.66,5.37,0.0029296875,0.015625,CDK2AP1_Hsapiens-hPDI-CDK2AP1,-0.73,lost,low
MGA,MGA_Hsapiens-cisbp_1.02-M5628_1.02,ACGTGCGA,8,5.05,1.23,0.0005645751953125,0.00341796875,TCF12_disc3,-0.78,ambiguous,med
MITF,MITF_Hsapiens-SwissRegulon-MITF.SwissRegulon,ACCATGTGCT,10,3.82,0.8,4.38690185546875e-05,1.0,,-4.36,retained,med
MLXIPL,MLXIPL_Hsapiens-SwissRegulon-MLXIPL.SwissRegulon,GCACGTGACAACCGCGTGG,19,2.58,0.84,2.6921043172478676e-10,0.00019665155559778214,RFX5_known5,-5.86,retained,high
MLX,MLX_Hsapiens-cisbp_1.02-M5632_1.02,TGCACGTGGT,10,2.44,2.36,0.0001010894775390625,1.0,,-4.0,ambiguous,med
MLX,MLX_Hsapiens-jaspar2016-MLX-MA0663.1,ATCACGAGGT,10,6.11,3.75,0.00018215179443359375,4.57763671875e-05,CTCF_disc6,0.6,switched,med
MLX,MLX_Hsapiens-jaspar2018-MLX-MA0663.1,GGAACGTGAT,10,2.65,0.92,0.0001506805419921875,1.0,,-3.82,ambiguous,med
MLX,MLX_Hsapiens-jolma2013-MLX,ATCGCGTGCT,10,2.02,0.85,0.0003070831298828125,1.0,,-3.51,ambiguous,med
MNT,MNT_Hsapiens-jaspar2018-MNT-MA0825.1,TCCTCGTGCC,10,2.15,0.75,0.00034618377685546875,0.001312255859375,CTCF_disc6,-0.58,ambiguous,med
MNT,MNT_Hsapiens-jolma2013-MNT,ACCTCGTGCT,10,10.8,3.11,0.0002460479736328125,4.57763671875e-05,CTCF_disc6,0.73,switched,med
MSX2,MSX2_3,TCAATTAAAAACCAATTA,18,2.55,0.61,3.346940502524376e-10,1.0,,-9.48,retained,high
MSX2,MSX2_4,GCAATCAT,8,2.83,1.33,0.0012969970703125,0.000732421875,POLE3_Hsapiens-hPDI-POLE3,0.25,ambiguous,med
MSX2,MSX2_Hsapiens-SwissRegulon-MSX2.SwissRegulon,CCAGACCAATTAGTGAT,17,2.81,0.52,4.773028194904327e-09,1.0,,-8.32,retained,high
MTF1,MTF1_Hsapiens-SwissRegulon-MTF1.SwissRegulon,TCTGCACTCAGCCC,14,2.23,1.79,1.043081283569336e-07,0.000171661376953125,NKX3-2_Hsapiens-SwissRegulon-NKX3-2.SwissRegulon,-3.22,retained,high
MXI1,MXI1_disc2,AACCACGTGC,10,2.1,1.33,1.52587890625e-05,0.000732421875,ZBTB33_disc4,-1.68,retained,med
MYBL1,MYBL1_3,ACCGTTAACGTC,12,2.38,2.11,5.364418029785156e-07,0.004638671875,MSRA_Hsapiens-hPDI-MSRA,-3.94,retained,high
MYBL1,MYBL1_4,ACAACCGTTAA,11,3.22,0.72,1.1920928955078125e-06,0.00054931640625,BRCA1_Hsapiens-JASPAR_CORE-BRCA1-MA0133.1,-2.66,retained,high
MYBL1,MYBL1_Hsapiens-jolma2013-MYBL1,ACCGTTAAAATG,12,3.73,0.64,1.8477439880371094e-06,0.00048828125,SMCR7L_Hsapiens-hPDI-SMCR7L,-2.42,retained,high
MYBL2,MYBL2_Hsapiens-jolma2013-MYBL2-2,ACCGTTGAAACCGTTA,16,4.85,0.61,2.3283064365386963e-09,0.0001404881477355957,ZNF524_Hsapiens-jolma2013-ZNF524,-4.78,retained,high
MYB,MYB_Hsapiens-HOCOMOCOv10-MYB_HUMAN.H10MO.C,CAGTTAT,7,2.07,0.7,0.00054931640625,0.00439453125,POLE3_Hsapiens-hPDI-POLE3,-0.9,ambiguous,med
MYCN,MYCN_2,AACACGTGGC,10,2.37,1.32,6.103515625e-05,1.0,,-4.21,retained,med
MYCN,MYCN_Hsapiens-HOCOMOCOv10-MYCN_HUMAN.H10MO.B,CAACGTGA,8,2.03,1.41,0.000640869140625,0.000396728515625,RAN_Hsapiens-hPDI-RAN,0.21,ambiguous,med
MYCN,MYCN_Hsapiens-SwissRegulon-MYCN.SwissRegulon,GCACGTTG,8,2.72,0.68,0.0003662109375,0.0045013427734375,GMEB2_1,-1.09,ambiguous,med
MYC,MYC_disc9,CACGTGGGGC,10,3.81,0.71,6.103515625e-05,0.0009765625,ZEB1_Hsapiens-jaspar2018-ZEB1-MA0103.2,-1.2,retained,med
MYC,MYC_known6,GCCACGTGTC,10,2.22,0.61,3.4332275390625e-05,1.0,,-4.46,retained,med
MYF6,MYF6_2,AACAACTGTC,10,2.22,0.95,3.814697265625e-06,0.00244140625,CBX3_Hsapiens-hPDI-LOC653972,-2.81,retained,high
MYF6,MYF6_Hsapiens-cisbp_1.02-M5651_1.02,GACAATTGTT,10,2.77,0.66,2.002716064453125e-05,0.000335693359375,SOX17_2,-1.22,retained,med
MYOD1,MYOD1_Hsapiens-hPDI-MYOD1,CTCATGA,7,3.26,0.83,0.00067138671875,0.00244140625,NFE2L1::MAFG_2,-0.56,ambiguous,med
MZF1,MZF1_Hsapiens-jaspar2018-MZF1-MA0056.1,ATATGA,6,8.96,0.72,0.0283203125,0.00830078125,GTPBP1_Hsapiens-hPDI-GTPBP1,0.53,lost,low
NANOG,NANOG_disc4,TGCATTTGAA,10,4.17,1.45,5.7220458984375e-06,0.000732421875,POU3F2_Hsapiens-hPDI-POU3F2,-2.11,retained,high
NEUROG2,NEUROG2_1,GGCATATGTC,10,2.81,0.55,7.62939453125e-06,0.0006971359252929688,TFEB_1,-1.96,retained,high
NFATC3,NFAC3_Hsapiens-HOCOMOCOv10-NFAC3_HUMAN.H10MO.B,CGGAAAACT,9,2.6,0.82,0.00048828125,0.0006561279296875,SNAPC5_Hsapiens-hPDI-SNAPC5,-0.13,ambiguous,med
NFE2L1,NFE2L1::MAFG_1,AAACAATGACTCAGCATTTATG,22,3.5,0.76,5.718447937397286e-11,1.2769130989909172e-05,SOX9_6,-5.35,dual,high
NFE2L2,NFE2L2_Hsapiens-jaspar2018-NFE2L2-MA0150.1,GTGACACAGCG,11,2.04,1.35,9.5367431640625e-06,0.001676797866821289,SOX10_Hsapiens-jaspar2018-SOX10-MA0442.2,-2.25,retained,med
NFE2,NFE2_known2,AATGACTCATT,11,4.09,1.18,2.1457672119140625e-06,1.0,,-5.67,retained,high
NFIC,NFIC_3,CTGGTTTCGCGCCAAAA,17,7.94,3.04,9.543029591441154e-06,1.2218952178955078e-06,E2F7_Hsapiens-HOCOMOCOv10-E2F7_HUMAN.H10MO.D,0.89,dual,high
NFIL3,NFIL3_2,TTACGTAACAT,11,2.16,1.41,1.9073486328125e-06,0.000484466552734375,MYC_disc6,-2.4,retained,high
NFIL3,NFIL3_Hsapiens-HOCOMOCOv10-NFIL3_HUMAN.H10MO.C,GTTACGTAATGCCT,14,2.49,0.96,2.2351741790771484e-08,1.0,,-7.65,retained,high
NFIL3,NFIL3_Hsapiens-JASPAR_CORE-NFIL3-MA0025.1,TTACGTAATGT,11,2.15,1.62,4.5299530029296875e-06,0.00038623809814453125,MYC_disc5,-1.93,retained,high
NFIL3,NFIL3_Hsapiens-jaspar2016-NFIL3-MA0025.1,TTACGTAACAC,11,4.41,1.04,8.58306884765625e-06,0.000667572021484375,CREB1_Hsapiens-cisbp_1.02-M6180_1.02,-1.89,retained,med
NFIL3,NFIL3_Hsapiens-jaspar2018-NFIL3-MA0025.1,TTACGTAACCC,11,2.08,1.81,1.3589859008789062e-05,9.822845458984375e-05,SIX5_disc2,-0.86,dual,med
NFIL3,NFIL3_Hsapiens-jolma2013-NFIL3,GATTACATAAGC,12,2.69,2.0,1.8537044525146484e-05,1.0,,-4.73,retained,med
NFIX,NFIX_Hsapiens-jolma2013-NFIX-3,GTTGCCAAT,9,2.01,0.75,0.00018310546875,0.00146484375,THRA_Hsapiens-hPDI-THRA,-0.9,ambiguous,med
NFKB1,NFKB1_Hsapiens-jaspar2016-NFKB1-MA0105.4,CGGGGAATCCCCG,13,2.51,2.78,2.384185791015625e-07,0.00042724609375,MAGEA8_Hsapiens-hPDI-MAGEA8,-3.25,retained,high
NFKB1,NFKB1_Hsapiens-jolma2013-NFKB1,TGGGGAACCCCCT,13,2.09,1.41,9.387731552124023e-07,0.000244140625,FAM127B_Hsapiens-hPDI-FAM127B,-2.42,retained,high
NFKB1,NFKB1_Mmusculus;Rnorvegicus;Hsapiens;Ocuniculus-jaspar2018-NFKB1-MA0105.1,GGGGATTTAC,10,2.91,1.5,4.1961669921875e-05,0.000331878662109375,PITX3_Hsapiens-jolma2013-PITX3,-0.9,retained,med
NFKB1,NFKB_known7,GGGGATTACC,10,2.46,0.93,3.147125244140625e-05,7.2479248046875e-05,GSC_2,-0.36,dual,med
REL,NFKB_known9,CGGAAATTCC,10,3.38,3.31,3.4332275390625e-05,0.00048828125,NFATC4_Hsapiens-hPDI-NFATC4,-1.15,retained,med
NHLH1,NHLH1_Hsapiens-JASPAR_2014-NHLH1-MA0048.1,GCGCAGCTGGGT,12,2.23,1.03,3.814697265625e-06,1.0,,-5.42,retained,high
NKX1-1,NKX1-1_1,TGCACCAATTGGCGGGT,17,2.93,2.48,2.3050233721733093e-08,5.0902366638183594e-05,HXB6_Hsapiens-HOCOMOCOv10-HXB6_HUMAN.H10MO.D,-3.34,dual,high
NKX1-1,NKX1-1_Hsapiens-SwissRegulon-NKX1-1.SwissRegulon,TGCCCTAATTGGCGGGA,17,3.71,2.03,6.984919309616089e-09,1.0,,-8.16,retained,high
NKX2-5,NKX2-5_5,TAATCCACTTGAATTT,16,2.81,1.73,1.3969838619232178e-09,0.0003409385681152344,PROP1_3,-5.39,retained,high
NKX2-5,NKX2-5_Hsapiens-SwissRegulon-NKX2-5.SwissRegulon,AAGCACTTAA,10,4.37,0.64,9.5367431640625e-07,0.0006103515625,SLC18A1_Hsapiens-hPDI-SLC18A1,-2.81,retained,high
NKX2-6,NKX2-6_Hsapiens-SwissRegulon-NKX2-6.SwissRegulon,TGATCCACTTAAAATT,16,3.3,1.43,3.259629011154175e-09,0.0002803206443786621,ALX4_Hsapiens-HOCOMOCOv10-ALX4_HUMAN.H10MO.D,-4.93,retained,high
NKX2-8,NKX2-8_Hsapiens-jolma2013-NKX2-8,GCACTTCAT,9,9.3,0.99,0.000362396240234375,0.000732421875,DUSP22_Hsapiens-hPDI-DUSP22,-0.31,ambiguous,med
NKX2-1,NKX21_Hsapiens-HOCOMOCOv10-NKX21_HUMAN.H10MO.D,CTCAAGTGCA,10,2.01,0.75,6.103515625e-05,0.00244140625,SNAI2_Hsapiens-HOCOMOCOv10-SNAI2_HUMAN.H10MO.C,-1.6,retained,med
NKX2-8,NKX28_Hsapiens-HOCOMOCOv10-NKX28_HUMAN.H10MO.C,TTCAAGGAG,9,3.4,2.56,1.1444091796875e-05,0.00067138671875,ZNF76_Hsapiens-hPDI-ZNF76,-1.77,retained,med
NKX3-1,NKX3-1_2,ATACTTG,7,2.98,0.6,0.000244140625,0.005859375,ZRSR2_Hsapiens-hPDI-ZRSR2,-1.38,ambiguous,med
NKX3-2,NKX3-2_3,TGCACTTAA,9,2.14,0.59,6.4849853515625e-05,0.0004730224609375,VDR_Hsapiens-jaspar2018-VDR-MA0693.2,-0.86,retained,med
NKX6-1,NKX6-1_6,GTCATCAC,8,2.06,1.39,0.0025482177734375,0.0009765625,ID2_Hsapiens-hPDI-ID2,0.42,ambiguous,med
NKX6-1,NKX6-1_Hsapiens-jaspar2018-NKX6-1-MA0674.1,TTCCTTAT,8,2.89,1.02,0.0030364990234375,0.000274658203125,TFAP2C_Hsapiens-hPDI-TFAP2C,1.04,ambiguous,med
NKX6-1,NKX6-1_Hsapiens-jolma2013-NKX6-1,TTCATAAT,8,5.48,1.01,0.00225830078125,0.00048828125,GTPBP1_Hsapiens-hPDI-GTPBP1,0.67,ambiguous,med
NKX6-2,NKX6-2_Hsapiens-jaspar2018-NKX6-2-MA0675.1,CTCAATAA,8,3.35,0.56,0.0039520263671875,0.0026702880859375,TSC22D4_Hsapiens-hPDI-TSC22D4,0.17,lost,med
NKX6-1,NKX61_Hsapiens-HOCOMOCOv10-NKX61_HUMAN.H10MO.D,TAATAATGACATTTAAAGG,19,2.79,0.69,1.8126374925486743e-06,4.1961669921875e-05,XG_Hsapiens-hPDI-XG,-1.36,dual,high
NR1D1,NR1D1_Hsapiens-HOCOMOCOv10-NR1D1_HUMAN.H10MO.C,AAAAGTAGGTCAAG,14,5.11,0.85,3.725290298461914e-08,0.00037384033203125,HDAC2_disc5,-4.0,retained,high
NR1H2,NR1H2_Hsapiens-SwissRegulon-NR1H2.SwissRegulon,GGGTTACTTCAGGTCA,16,2.55,0.75,4.6566128730773926e-09,0.0001735687255859375,ETV7_1,-4.57,retained,high
NR1H4,NR1H4_3,AGGGTCAATGAC,12,2.21,0.84,6.175041198730469e-05,0.0009765625,PHOX2A_Hsapiens-hPDI-PHOX2A,-1.2,retained,med
NR2C2,NR2C2_Hsapiens-SwissRegulon-NR2C2.SwissRegulon,GAGGGCAGAGGTCA,14,8.66,0.89,8.195638656616211e-08,1.0,,-7.09,retained,high
NR2C2,NR2C2_known1,TGGGTCAAAGGTCA,14,3.76,1.49,2.9802322387695312e-08,1.0,,-7.53,retained,high
NR2E3,NR2E3_1,AAACCTT,7,5.24,0.72,0.00042724609375,0.00830078125,PITX1_Hsapiens-hPDI-PITX1,-1.29,ambiguous,med
NR2F1,NR2F1_Hsapiens-jaspar2018-NR2F1-MA0017.2,CAGAGGTCAAATG,13,2.5,0.52,5.364418029785156e-07,0.000732421875,POU3F2_Hsapiens-hPDI-POU3F2,-3.14,retained,high
NR2F1,NR2F1_Hsapiens-jolma2013-NR2F1-3,CGGGTCAC,8,2.5,1.34,0.00048828125,0.00634765625,HCFC2_Hsapiens-hPDI-HCFC2,-1.11,ambiguous,med
NR3C1,NR3C1_known15,AGGTACACGGTGTACCT,17,2.24,0.68,1.4551915228366852e-09,0.00022292137145996094,KLF1_Hsapiens-SwissRegulon-KLF1.SwissRegulon,-5.19,retained,high
NR4A2,NR4A2_Hsapiens-jolma2013-NR4A2-2,TGACCTTCAAAGGTCA,16,4.37,1.31,1.3969838619232178e-09,4.670768976211548e-05,RXRG_3,-4.52,dual,high
NR4A2,NR4A_known1,GAGGTCAA,8,2.66,0.54,0.0001220703125,0.0018310546875,ITGB2_1,-1.18,ambiguous,med
NR4A2,NR4A_known3,TGGCCTTTAAAGGTCA,16,8.13,1.19,1.1641532182693481e-09,8.537992835044861e-05,RXRA_known12,-4.87,dual,high
NR6A1,NR6A1_Hsapiens-SwissRegulon-NR6A1.SwissRegulon,AAGCTCAAGGTCA,13,5.82,0.51,2.384185791015625e-07,0.00014066696166992188,RORA_Hsapiens-HOCOMOCOv10-RORA_HUMAN.H10MO.B,-2.77,retained,high
NRF1,NRF1_known1,CACGTGCGCA,10,9.34,1.3,8.58306884765625e-06,0.0003662109375,ATF3_Hsapiens-cisbp_1.02-M4683_1.02,-1.63,retained,med
NRL,NRL_Hsapiens-cisbp_1.02-M5689_1.02,AAACTGCTGAC,11,2.43,1.54,2.1457672119140625e-06,0.000701904296875,CTCF_disc10,-2.51,retained,high
NRL,NRL_Hsapiens-jaspar2018-NRL-MA0842.1,ATAATGCTGAC,11,2.15,0.65,5.0067901611328125e-06,0.00390625,HOXB6_Hsapiens-SwissRegulon-HOXB6.SwissRegulon,-2.89,retained,high
OLIG1,OLIG1_Hsapiens-jaspar2016-OLIG1-MA0826.1,AACTTATGCT,10,2.56,0.57,0.0001125335693359375,9.1552734375e-05,AP1_disc9,0.09,switched,med
OLIG3,OLIG3_Hsapiens-hPDI-OLIG3,GGAAATGA,8,4.06,0.79,7.62939453125e-05,0.00164794921875,ISL1_Hsapiens-SwissRegulon-ISL1.SwissRegulon,-1.33,retained,med
OLIG3,OLIG3_Hsapiens-jolma2013-OLIG3,ACAATATGCA,10,3.71,0.95,0.00038909912109375,4.57763671875e-05,RBMS1_Hsapiens-hPDI-RBMS1,0.93,switched,med
ONECUT1,ONECUT1_Hsapiens-SwissRegulon-ONECUT1.SwissRegulon,GTATTGATCA,10,4.57,1.06,1.049041748046875e-05,0.00103759765625,FOXG1_Hsapiens-SwissRegulon-FOXG1.SwissRegulon,-2.0,retained,med
POU2AF1,Oct-1_Hsapiens-UniPROBE-Oct_1.UP00399,TACACGATATGCAAAATCTTAC,22,2.36,0.72,8.115885066217743e-07,0.00048828125,HHAT_Hsapiens-hPDI-HHAT,-2.78,retained,high
TP53,P53_Hsapiens-HOCOMOCOv10-P53_HUMAN.H10MO.B,AAGCATGCCTGAACATGCCC,20,2.62,0.77,5.054971552453935e-09,3.7670135498046875e-05,SOX8_6,-3.87,dual,high
PAX2,PAX2_1,GTTGAACACGCGTCACTGC,19,3.83,3.19,0.00022918172180652618,5.745887756347656e-05,FOXN1_Hsapiens-SwissRegulon-FOXN1.SwissRegulon,0.6,switched,med
PAX3,PAX3_1,CGGCTAGGTCACTCTCGTTGT,21,3.41,0.55,0.0001913309097290039,5.125999450683594e-05,NFE2L2_3,0.57,switched,med
PAX3,PAX3_2,TCGTCACGCTTAA,13,3.24,1.74,2.9802322387695312e-08,0.0009326934814453125,FOXN1_1,-4.5,retained,high
PAX3,PAX3_Hsapiens-SwissRegulon-PAX3.SwissRegulon,AAATTCCGTCACGCTTCCGAA,21,6.14,2.41,2.687556843739003e-10,6.4849853515625e-05,STAT_disc5,-5.38,dual,high
PAX3,PAX3_Hsapiens-jaspar2016-PAX3-MA0780.1,TAATGAATTA,10,2.57,0.71,3.337860107421875e-05,0.000244140625,ZNF830_Hsapiens-hPDI-CCDC16,-0.86,retained,med
PAX4,PAX4_Hsapiens-HOCOMOCOv10-PAX4_HUMAN.H10MO.D,TAACTAATTAGC,12,2.79,0.57,1.1920928955078125e-07,1.0,,-6.92,retained,high
PAX4,PAX4_Hsapiens-jaspar2016-PAX4-MA0068.2,TGAATTCC,8,2.42,4.23,0.00164794921875,0.000732421875,ZKSCAN8_Hsapiens-hPDI-ZNF192,0.35,ambiguous,med
PAX5,PAX5_disc3,TTTCAGTTTC,10,4.38,3.51,1.049041748046875e-05,0.0012979507446289062,MYBL2_Hsapiens-SwissRegulon-MYBL2.SwissRegulon,-2.09,retained,med
PAX6,PAX6_3,TTCACGCTTGAGTT,14,2.88,0.69,3.725290298461914e-09,0.000339508056640625,AP1_disc5,-4.96,retained,high
PAX7,PAX7_2,TAATCGATTC,10,2.03,0.68,9.5367431640625e-06,0.0034332275390625,GFI1_Hsapiens-HOCOMOCOv10-GFI1_HUMAN.H10MO.C,-2.56,retained,med
PAX7,PAX7_Hsapiens-jolma2013-PAX7,GAATCGATTC,10,2.56,1.36,0.00010967254638671875,0.0032243728637695312,GFI1_Hsapiens-HOCOMOCOv10-GFI1_HUMAN.H10MO.C,-1.47,ambiguous,med
PAX8,PAX8_2,CTTTAACACGTGAAC,15,2.83,1.78,0.00039299391210079193,4.029273986816406e-05,MLX_Hsapiens-HOCOMOCOv10-MLX_HUMAN.H10MO.D,0.99,switched,med
PAX8,PAX8_Hsapiens-HOCOMOCOv10-PAX8_HUMAN.H10MO.D,GTCATTCGAGCATG,14,2.9,2.48,0.000244140625,0.000240325927734375,XG_Hsapiens-hPDI-XG,0.01,ambiguous,med
PBX1,PBX1_5,ACTTACATCATTTTTCC,17,3.34,2.19,1.1134019587188959e-05,1.195073127746582e-05,JUN_Hsapiens-cisbp_1.02-M2289_1.02,-0.03,dual,med
PBX1,PBX1_Hsapiens-jaspar2018-PBX1-MA0070.1,GCATCAATCATT,12,2.47,0.51,3.2186508178710938e-06,0.0004119873046875,RBM22_Hsapiens-hPDI-RBM22,-2.11,retained,high
PHOX2B,PHOX2B_1,AGCACTTAATTAACTCG,17,2.42,0.6,3.5919947549700737e-07,1.0,,-6.44,retained,high
PITX1,PITX1_Hsapiens-hPDI-PITX1,GCGTTT,6,2.61,0.64,0.000732421875,0.01220703125,ZNF766_Hsapiens-hPDI-ZNF766,-1.22,ambiguous,low
PITX2,PITX2_Hsapiens-SwissRegulon-PITX2.SwissRegulon,TGGGATTAGT,10,2.11,1.11,1.52587890625e-05,0.001316070556640625,PDX1_Hsapiens-HOCOMOCOv10-PDX1_HUMAN.H10MO.C,-1.94,retained,med
PLAGL1,PLAGL1_Hsapiens-hPDI-PLAGL1,ATTTAC,6,2.87,0.58,0.001708984375,0.004638671875,MYEF2_Hsapiens-hPDI-MYEF2,-0.43,lost,low
POU3F1,PO3F2_Hsapiens-HOCOMOCOv10-PO3F2_HUMAN.H10MO.D,CTTATTTATG,10,9.96,2.65,6.67572021484375e-06,0.00030517578125,FOXI1_Hsapiens-jaspar2018-FOXI1-MA0042.2,-1.66,retained,high
POU1F1,POU1F1_5,ATTATGCTAATGAG,14,11.14,1.69,2.9802322387695312e-08,0.00015587732195854187,MEOX2_Hsapiens-jolma2013-MEOX2-3,-3.72,retained,high
POU2F2,POU2F2_Hsapiens-SwissRegulon-POU2F2.SwissRegulon,CTTATTTGCATAA,13,8.31,0.54,2.2351741790771484e-07,7.593631744384766e-05,FOXC2_Hsapiens-jaspar2016-FOXC2-MA0846.1,-2.53,dual,high
POU2F2,POU2F2_known11,TGATTTGCATT,11,3.16,1.01,1.52587890625e-05,1.0,,-4.82,retained,med
POU3F1,POU3F1_2,ATATGCAAATGA,12,2.03,0.58,3.5762786865234375e-07,1.0,,-6.45,retained,high
POU4F1,POU4F1_Hsapiens-jolma2013-POU4F1,ATGCATAATTCATG,14,2.58,0.88,7.82310962677002e-08,0.0005621910095214844,NFE2_Hsapiens-cisbp_1.02-M5659_1.02,-3.86,retained,high
POU4F3,POU4F3_2,ATGCATAATTAATGAT,16,2.72,0.52,6.51925802230835e-09,1.0,,-8.19,retained,high
POU4F3,POU4F3_Hsapiens-jaspar2018-POU4F3-MA0791.1,ATGAATTATTAATGCG,16,2.8,0.86,1.3737007975578308e-08,0.0001220703125,PDX1_1,-3.95,retained,high
POU5F1,POU5F1B_Hsapiens-jaspar2018-POU5F1B-MA0792.1,TACGTAAAT,9,3.35,2.97,0.00026702880859375,0.000293731689453125,E4F1_Hsapiens-HOCOMOCOv10-E4F1_HUMAN.H10MO.D,-0.04,ambiguous,med
POU6F1,POU6F1_Hsapiens-SwissRegulon-POU6F1.SwissRegulon,AAAGATAATGAGGTGGC,17,2.3,0.9,1.57160684466362e-09,0.00011587142944335938,GATA3_Hsapiens-HOCOMOCOv10-GATA3_HUMAN.H10MO.C,-4.87,retained,high
PPARG,PPARG_Hsapiens-jaspar2016-PPARG-MA0066.1,GTAGGTCACGTTGACCCACT,20,3.38,0.88,8.003553375601768e-11,4.1961669921875e-05,TFEB_Hsapiens-cisbp_1.02-M6518_1.02,-5.72,dual,high
PRDM1,PRDM1_Hsapiens-SwissRegulon-PRDM1.SwissRegulon,AAAGTGAAAGTGC,13,2.55,1.26,9.5367431640625e-07,0.001708984375,PAXIP1_Hsapiens-hPDI-PAXIP1,-3.25,retained,high
PRDM1,PRDM1_Hsapiens-jaspar2016-PRDM1-MA0508.1,TGAAAGGGAAAGTGA,15,2.77,1.91,5.960464477539063e-08,0.0006170272827148438,HOXB13_Hsapiens-hPDI-HOXB13,-4.02,retained,high
PRDM1,PRDM1_disc2,AATGACTCAC,10,2.66,0.51,1.71661376953125e-05,0.000732421875,KLF3_Hsapiens-hPDI-KLF3,-1.63,retained,med
PROX1,PROX1_Hsapiens-jaspar2018-PROX1-MA0794.1,CACGACGTCTTA,12,2.39,0.76,1.7881393432617188e-06,0.001007080078125,ATF6_Hsapiens-cisbp_1.02-M2978_1.02,-2.75,retained,high
PTF1A,PTF1A_Hsapiens-SwissRegulon-PTF1A.SwissRegulon,CGGGGAACTCAACATGTGCGC,21,3.34,0.74,5.553829396376386e-09,0.00012874603271484375,THAP1_disc2,-4.37,retained,high
RAD21,RAD21_disc3,ACAAGATGGA,10,2.33,0.93,6.67572021484375e-06,0.0008544921875,RBM42_Hsapiens-hPDI-MGC10433,-2.11,retained,high
RARA,RARA_1,GCCAAAAGGTCACGAG,16,2.62,1.13,2.761371433734894e-07,1.0,,-6.56,retained,high
RARA,RARA_2,AAAGGTCATTTAAGGTCA,18,9.82,0.68,1.4551915228366852e-11,8.447693835478276e-05,ESRRG_Hsapiens-jolma2013-ESRRG,-6.76,dual,high
RARA,RARA_7,AGGTCAACGAGAGGTCA,17,3.59,1.04,6.984919309616089e-10,2.909201430156827e-05,RARG_9,-4.62,dual,high
RARA,RARA_8,AAAGGTCAACGGAGGTCA,18,2.1,0.68,1.0186340659856796e-10,0.0002748374827206135,NR1H2::RXRA_Hsapiens-JASPAR_2014-NR1H2::RXRA-MA0115.1,-6.43,retained,high
RARA,RARA_Hsapiens-hPDI-RARA,GGCGAT,6,2.84,0.56,0.00146484375,0.00830078125,ZNF160_Hsapiens-hPDI-ZNF160,-0.75,lost,low
RARA,RARA_Hsapiens-jolma2013-RARA-6,AGGTCAAAGAGAGGTCA,17,8.59,1.93,1.6880221664905548e-09,3.738317172974348e-05,RARG_9,-4.35,dual,high
RARG,RARG_3,GAGGTCACCAAAGGTCA,17,2.37,0.71,1.3969838619232178e-09,8.437409996986389e-05,HNF4G_Hsapiens-HOCOMOCOv10-HNF4G_HUMAN.H10MO.C,-4.78,dual,high
RARG,RARG_Hsapiens-jolma2013-RARG-2,AAGGTCACACAAAGGTCA,18,2.04,0.98,1.4260876923799515e-09,2.1863728761672974e-05,SOX14_Hsapiens-SwissRegulon-SOX14.SwissRegulon,-4.19,dual,high
RAX,RAX2_Hsapiens-SwissRegulon-RAX2.SwissRegulon,CAATTTAG,8,3.15,0.57,0.0106964111328125,0.0007476806640625,ZNF3_Hsapiens-hPDI-ZNF3,1.16,ambiguous,med
RAX,RAX2_Hsapiens-jaspar2018-RAX2-MA0717.1,CCAATCCA,8,2.16,0.66,0.00750732421875,0.001953125,DUS3L_Hsapiens-hPDI-DUS3L,0.58,lost,med
REL,REL_1,GGGACATTCC,10,4.16,2.12,2.574920654296875e-05,0.0004024505615234375,FOXP4_Hsapiens-hPDI-FOXP4,-1.19,retained,med
REL,REL_Hsapiens-JASPAR_CORE-REL-MA0101.1,GGGGACTTCC,10,3.19,2.85,5.435943603515625e-05,0.000244140625,ING3_Hsapiens-hPDI-ING3,-0.65,retained,med
REL,REL_Hsapiens-SwissRegulon-REL.SwissRegulon,GGGGATTTCA,10,3.24,2.28,8.392333984375e-05,0.000732421875,RBFOX2_Hsapiens-hPDI-RBM9,-0.94,retained,med
REST,REST_disc5,CCGTGGAGCTG,11,6.89,1.09,5.245208740234375e-06,0.00140380859375,SMUG1_Hsapiens-hPDI-SMUG1,-2.43,retained,high
RFX2,RFX2_Hsapiens-jaspar2016-RFX2-MA0600.1,GTTGCCATGGCAACGGGGC,19,2.02,1.02,2.3283064365386963e-10,0.0005229413509368896,CREB3L2_1,-6.35,retained,high
RFX2,RFX2_Hsapiens-jaspar2016-RFX2-MA0600.2,CGTTTCCATGGCAACG,16,2.76,0.78,1.0943040251731873e-08,1.0,,-7.96,retained,high
RFX3,RFX3_1,CATCATACGTGGCAACGCATAAA,23,2.21,1.49,3.5457927936022315e-06,7.220730185508728e-05,CREB3L1_Hsapiens-jolma2013-CREB3L1-6,-1.31,dual,high
RFX3,RFX3_Hsapiens-HOCOMOCOv10-RFX3_HUMAN.H10MO.B,TGTTGCCATGGCAA,14,2.29,1.49,4.470348358154297e-08,0.00021852552890777588,CREB3L2_1,-3.69,retained,high
RFX5,RFX5_Hsapiens-jolma2013-RFX5-2,AGTTACCATAGCAACC,16,2.34,1.23,1.1641532182693481e-08,8.654594421386719e-05,POU2F2_known9,-3.87,dual,high
RFX5,RFX5_known1,GAGTCGCAAGGCAACCA,17,2.19,0.97,2.282671630382538e-05,0.00032272934913635254,PRDM4_1,-1.15,retained,med
RFX5,RFX5_known8,GGTTGCCATGGCAACT,16,2.04,1.16,9.313225746154785e-09,0.0007517784833908081,CREB3L1_Hsapiens-cisbp_1.02-M5328_1.02,-4.91,retained,high
RFXANK,RFXANK_Hsapiens-hPDI-RFXANK,GCCAAAT,7,3.16,1.27,0.00048828125,0.00390625,BAD_Hsapiens-hPDI-BAD,-0.9,ambiguous,med
RHOXF1,RHOXF1_7,TGCTGTAAA,9,2.14,1.87,1.52587890625e-05,0.00042724609375,H1FX_Hsapiens-hPDI-H1FX,-1.45,retained,med
RORA,RORA_Hsapiens-jaspar2016-RORA-MA0071.1,AATTAGGTCA,10,4.35,1.74,3.814697265625e-05,0.000244140625,PHOX2A_Hsapiens-hPDI-PHOX2A,-0.81,retained,med
RORA,RORA_Hsapiens-jolma2013-RORA-2,TAACTAGGTTACTAGGTCA,19,2.98,0.77,5.4569682106375694e-11,4.3369829654693604e-05,RFX7_1,-5.9,dual,high
RREB1,RREB1_Hsapiens-HOCOMOCOv10-RREB1_HUMAN.H10MO.D,TGGTGTGGGGGTGTGTTGGGGT,22,2.37,0.65,8.067218004725873e-10,2.78175575658679e-05,TBX20_Hsapiens-HOCOMOCOv10-TBX20_HUMAN.H10MO.D,-4.54,dual,high
RUNX1,RUNX1_1,ACTAGATAC,9,25.13,2.23,2.6702880859375e-05,0.000507354736328125,CTCF_disc3,-1.28,retained,med
RUNX2,RUNX2_3,ACCGCAAA,8,4.21,1.18,9.1552734375e-05,0.001953125,SSX3_Hsapiens-hPDI-SSX3,-1.33,retained,med
RXRB,RXRB_2,GGGGTTAAAGGTCG,14,2.19,1.06,1.4901161193847656e-07,0.0003304481506347656,PITX1_Hsapiens-HOCOMOCOv10-PITX1_HUMAN.H10MO.D,-3.35,retained,high
RXRB,RXRB_Hsapiens-SwissRegulon-RXRB.SwissRegulon,TGAGGTCATA,10,2.61,0.53,1.430511474609375e-05,0.0006256103515625,EP300_disc6,-1.64,retained,med
RXRB,RXRB_Hsapiens-jolma2013-RXRB,GAGTTCAAAGTTCG,14,7.98,0.61,1.4156103134155273e-06,5.340576171875e-05,HNF4_disc3,-1.58,dual,high
RXRG,RXRG_Hsapiens-SwissRegulon-RXRG.SwissRegulon,GGGGTCACGC,10,2.8,2.24,1.9073486328125e-06,0.01171875,NAP1L1_Hsapiens-hPDI-NAP1L1,-3.79,retained,high
SCRT2,SCRT2_Hsapiens-SwissRegulon-SCRT2.SwissRegulon,GATCAACAGGTGC,13,2.37,0.6,1.2069940567016602e-06,0.000244140625,FOXO6_2,-2.31,retained,high
SHOX,SHOX2_3,TAAATTTG,8,2.73,0.56,0.00360107421875,0.0009765625,MYF6_Hsapiens-hPDI-MYF6,0.57,ambiguous,med
SIN3A,SIN3A_disc7,CCCGGGACAGCTGC,14,3.5,1.09,1.1920928955078125e-07,0.0001220703125,ZBTB18_Hsapiens-hPDI-ZNF238,-3.01,retained,high
SIX1,SIX1_Hsapiens-SwissRegulon-SIX1.SwissRegulon,GATAGGGTATCATGGGT,17,2.07,0.73,2.564629539847374e-07,0.0003124317154288292,ZNF589_1,-3.09,retained,high
SIX5,SIX5_known5,ATAAATGACACCTAGCC,17,4.16,1.38,3.114109858870506e-08,1.0,,-7.51,retained,high
SMAD3,SMAD3_Hsapiens-jolma2013-SMAD3,TGGCTAGACT,10,3.82,0.64,1.9073486328125e-05,0.0005340576171875,GATA_disc5,-1.45,retained,med
SMAD,SMAD_2,TGGGCAGACAG,11,2.0,0.87,1.6689300537109375e-06,0.001953125,RBM17_Hsapiens-hPDI-RBM17,-3.07,retained,high
SMC3,SMC3_disc4,GCCTCCAG,8,2.16,0.57,0.0001068115234375,0.002685546875,ZNF354C_Hsapiens-JASPAR_2014-ZNF354C-MA0130.1,-1.4,ambiguous,med
SNAI2,SNAI2_Hsapiens-jolma2013-SNAI2,GTCAGGTGG,9,2.11,0.92,0.0001220703125,0.00054931640625,RAD21_disc2,-0.65,ambiguous,med
SNAPC4,SNAPC4_Hsapiens-hPDI-SNAPC4,CTCAAAT,7,2.21,1.24,0.000732421875,0.00030517578125,NKX2-3_Hsapiens-hPDI-NKX2-3,0.38,ambiguous,med
SOX14,SOX14_Hsapiens-hPDI-SOX14,AAGTGAAG,8,8.52,0.79,0.0002899169921875,0.00830078125,ZNF655_Hsapiens-hPDI-ZNF655,-1.46,ambiguous,med
SOX15,SOX15_4,CTGAATAGCATTCAT,15,3.6,2.51,1.5832483768463135e-08,0.0002899169921875,TFAP2C_Hsapiens-hPDI-TFAP2C,-4.26,retained,high
SOX15,SOX15_Hsapiens-SwissRegulon-SOX15.SwissRegulon,GACAAGG,7,2.68,0.71,0.00067138671875,0.001220703125,ECSIT_Hsapiens-hPDI-ECSIT,-0.26,ambiguous,med
SOX17,SOX17_Hsapiens-HOCOMOCOv10-SOX17_HUMAN.H10MO.D,CAACAATGACCATTGTCG,18,2.88,1.12,1.9487924873828888e-07,3.0517578125e-05,NR1H4_Hsapiens-jaspar2018-NR1H4-MA1110.1,-2.19,dual,high
SOX1,SOX1_1,CAACAATTCAATAATG,16,3.26,1.65,1.1664815247058868e-07,0.00011797528713941574,HXC6_Hsapiens-HOCOMOCOv10-HXC6_HUMAN.H10MO.D,-3.0,retained,high
SOX1,SOX1_3,ATGAATAGCATTCAG,15,4.5,3.87,7.82310962677002e-08,0.000423431396484375,HNF4_disc4,-3.73,retained,high
SOX2,SOX21_Hsapiens-jaspar2016-SOX21-MA0866.1,AACAATGCTATTGTT,15,2.52,0.51,4.6566128730773926e-09,0.0002899169921875,TFAP2C_Hsapiens-hPDI-TFAP2C,-4.79,retained,high
SOX2,SOX2_3,ATGAATGTTATTCAG,15,3.31,2.83,4.6566128730773926e-09,0.000110626220703125,POU5F1_disc2,-4.38,retained,high
SOX2,SOX2_Hsapiens-SwissRegulon-SOX2.SwissRegulon,AACAATGA,8,2.1,0.73,0.000244140625,0.0013275146484375,TCF3_Hsapiens-hPDI-TCF3,-0.74,ambiguous,med
SOX2,SOX2_Hsapiens-jolma2013-SOX2-2,ATGAATGTCATTCAA,15,3.86,1.39,8.009374141693115e-08,7.700920104980469e-05,PBX2_Hsapiens-jaspar2018-PBX2-MA1113.1,-2.98,dual,high
SOX2,SOX2_Hsapiens-jolma2013-SOX2-4,GAACACTAACATTGTTC,17,3.99,1.22,9.313225746154785e-10,1.0,,-9.03,retained,high
SOX2,SOX2_Hsapiens-jolma2013-SOX2-5,CATCAATAACATTGATT,17,6.57,1.22,9.313225746154785e-10,1.0,,-9.03,retained,high
SOX3,SOX3_3,TATGAATGGCATTCATG,17,2.2,2.28,4.656612873077393e-10,1.0,,-9.33,retained,high
SOX3,SOX3_Hsapiens-HOCOMOCOv10-SOX3_HUMAN.H10MO.D,ACAATGGTATTGA,13,2.55,0.96,8.940696716308594e-07,0.000732421875,KDM5A_Hsapiens-hPDI-JARID1A,-2.91,retained,high
SOX4,SOX4_Hsapiens-HOCOMOCOv10-SOX4_HUMAN.H10MO.C,CGCTTTGTTCTA,12,2.24,0.79,1.0967254638671875e-05,0.0013427734375,OTX_1,-2.09,retained,med
SOX5,SOX5_Hsapiens-HOCOMOCOv10-SOX5_HUMAN.H10MO.C,AATTGTTA,8,2.99,1.36,0.000244140625,0.00140380859375,ZBTB46_Hsapiens-hPDI-ZBTB46,-0.76,ambiguous,med
SOX7,SOX7_4,AATGAATTTCAGTCATG,17,2.12,2.87,1.862645149230957e-09,1.0,,-8.73,retained,high
SOX7,SOX7_Hsapiens-jolma2013-SOX7-2,AAACAATTTCATTGTTC,17,2.88,0.79,2.7939677238464355e-09,1.0,,-8.55,retained,high
SOX9,SOX9_5,ATCAATATACAGTGAT,16,11.82,0.59,2.0954757928848267e-09,0.00013136863708496094,FOXC2_2,-4.8,retained,high
SOX9,SOX9_6,ATGAATATTCAGTCAT,16,4.64,1.92,9.313225746154785e-10,0.00038989936001598835,POU4F2_Hsapiens-jolma2013-POU4F2-2,-5.62,retained,high
SOX9,SOX9_9,GATGAATTGCAGTCATT,17,2.13,0.84,9.313225746154785e-10,1.0,,-9.03,retained,high
SOX9,SOX9_Hsapiens-jolma2013-SOX9-2,AGCAATGTCCAGTGTT,16,3.47,0.82,1.7462298274040222e-08,6.29425048828125e-05,HIST2H2BE_Hsapiens-hPDI-HIST2H2BE,-3.56,dual,high
SOX9,SOX9_Hsapiens-jolma2013-SOX9-6,TATCAATTGTAGTGATT,17,2.26,0.82,1.979060471057892e-09,1.0,,-8.7,retained,high
SPDEF,SPDEF_3,ATGGTCCCGGATTAT,15,2.83,0.78,1.7695128917694092e-08,0.0008263587951660156,PAX5_Hsapiens-jaspar2018-PAX5-MA0014.3,-4.67,retained,high
SPDEF,SPDEF_7,GCAGGAAGACGTAACA,16,2.84,1.52,2.3283064365386963e-09,0.00010007619857788086,JDP2_Hsapiens-HOCOMOCOv10-JDP2_HUMAN.H10MO.D,-4.63,retained,high
SPDEF,SPDEF_Hsapiens-jolma2013-SPDEF-2,GTGTTCCCGGATCAT,15,2.09,1.08,1.2945383787155151e-07,4.4345855712890625e-05,PAX6_Hsapiens-HOCOMOCOv10-PAX6_HUMAN.H10MO.D,-2.53,dual,high
SPDEF,SPDEF_Hsapiens-jolma2013-SPDEF-6,GCAGTAAGACGTAAAC,16,2.32,0.67,8.847564458847046e-09,0.00027920305728912354,AP1_disc4,-4.5,retained,high
SPI1,SPI1_Hsapiens-jaspar2016-SPI1-MA0080.1,AGGAAT,6,3.43,2.55,0.00537109375,0.001953125,GAR1_Hsapiens-hPDI-NOLA1,0.44,lost,low
SPI1,SPI1_known1,AGCGGAAG,8,3.67,0.8,7.62939453125e-05,0.000701904296875,ETS_disc8,-0.96,retained,med
SPIC,SPIC_1,AAAAAGAGGAAGTC,14,3.94,0.85,7.82310962677002e-08,1.0,,-7.11,retained,high
SPIC,SPIC_Hsapiens-jaspar2018-SPIC-MA0687.1,TAAAACAGGAAGTA,14,2.22,2.64,5.21540641784668e-07,1.0,,-6.28,retained,high
SREBF1,SREBF1_Hsapiens-SwissRegulon-SREBF1.SwissRegulon,GTCGCCTGAT,10,2.9,1.61,0.00012683868408203125,0.000244140625,NAP1L1_Hsapiens-hPDI-NAP1L1,-0.28,ambiguous,med
SREBF1,SREBF1_Hsapiens-jaspar2016-SREBF1-MA0595.1,GTCACCCGAT,10,2.11,2.68,2.765655517578125e-05,0.004638671875,SNAI1_Hsapiens-HOCOMOCOv10-SNAI1_HUMAN.H10MO.C,-2.22,retained,med
SREBF2,SREBF2_Hsapiens-cisbp_1.02-M2388_1.02,ATGAGGTGAC,10,3.51,0.84,1.430511474609375e-05,0.000637054443359375,E4F1_1,-1.65,retained,med
SREBF1,SREBP_known3,CACGCTA,7,3.03,1.8,0.000244140625,0.001220703125,USF2_Hsapiens-hPDI-USF2,-0.7,ambiguous,med
SREBF1,SREBP_known6,AACACGTGAG,10,2.33,2.82,5.14984130859375e-05,1.0,,-4.29,retained,med
SRF,SRF_Hsapiens-jaspar2016-SRF-MA0083.2,CACTGCCAAATATGGCAA,18,2.17,0.51,7.504422683268785e-08,0.00048828125,HSPA1L_Hsapiens-hPDI-HSPA1L,-3.81,retained,high
SRF,SRF_Hsapiens-jaspar2018-SRF-MA0083.3,AGCCCATATATGGGCA,16,2.39,0.55,5.587935447692871e-09,0.00022912025451660156,GZF1_1,-4.61,retained,high
SRF,SRF_known5,CCAAATAAGGAGACG,15,3.69,1.29,7.62939453125e-06,0.00103759765625,RBMS1_Hsapiens-hPDI-RBMS1,-2.13,retained,high
SRP9,SRP9_Hsapiens-hPDI-SRP9,AAGGTGGA,8,2.86,0.55,1.52587890625e-05,0.000701904296875,ZEB1_disc1,-1.66,retained,med
SRY,SRY_2,TTAAACAATAGG,12,5.26,0.85,7.62939453125e-06,1.0,,-5.12,retained,high
SRY,SRY_Hsapiens-jolma2013-SRY-4,TGAATGACATTCT,13,2.58,1.58,4.76837158203125e-07,0.0009765625,TGIF1_Hsapiens-HOCOMOCOv10-TGIF1_HUMAN.H10MO.S,-3.31,retained,high
STAT2,STAT2::STAT1_Hsapiens-JASPAR_2014-STAT2::STAT1-MA0517.1,TCAGTTTCAGTTTCC,15,2.48,1.78,2.7939677238464355e-09,0.00027489662170410156,SIX1_Hsapiens-jaspar2018-SIX1-MA1118.1,-4.99,retained,high
STAT3,STAT3_Hsapiens-jaspar2016-STAT3-MA0144.2,TTGCCGGGAAA,11,2.34,1.21,2.47955322265625e-05,0.0001220703125,E2F_known22,-0.69,retained,med
STAT3,STAT3_Hsapiens-jaspar2018-STAT3-MA0144.2,CTGCCGGGAAG,11,2.74,0.61,1.1444091796875e-05,0.00017547607421875,E2F1_Hsapiens-SwissRegulon-E2F1.SwissRegulon,-1.19,retained,med
STAT5A,STAT_known13,GACTTCTG,8,6.81,2.02,0.00048828125,0.000244140625,ING3_Hsapiens-hPDI-ING3,0.3,ambiguous,med
STAT5A,STAT_known4,GAATTCCAGGAAATG,15,4.22,2.37,1.0058283805847168e-07,7.34180212020874e-05,ELF1_Hsapiens-JASPAR_2014-ELF1-MA0473.1,-2.86,dual,high
SOX4,Sox4_Hsapiens-UniPROBE-Sox4.UP00401,GCGAACAAAGGCAT,14,6.87,0.85,2.193450927734375e-05,0.000270843505859375,VSX1_Hsapiens-hPDI-VSX1,-1.09,retained,med
TAL1,TAL1_Hsapiens-HOCOMOCOv10-TAL1_HUMAN.H10MO.S,GAACAGATGGTG,12,2.14,1.01,4.172325134277344e-07,1.0,,-6.38,retained,high
TAL1,TAL1_Hsapiens-cisbp_1.02-M6501_1.02,TCTGAAGCTGTTGCAACCATATGGT,25,2.89,1.02,9.311902688935447e-07,3.826618194580078e-05,SCRT2_1,-1.61,dual,high
TAL1,TAL1_disc2,AGATAGCAG,9,2.04,1.11,1.52587890625e-05,0.00091552734375,MEIS3_Hsapiens-hPDI-MEIS3,-1.78,retained,med
TBP,TATA_known2,CTATAAAAGCCCGCG,15,3.08,2.86,8.381903171539307e-08,0.000244140625,GTF3C2_Hsapiens-hPDI-GTF3C2,-3.46,retained,high
TBP,TATA_known5,GTATAAAAGGCGGGA,15,4.98,3.51,1.7043203115463257e-07,0.0002689361572265625,TYY2_Hsapiens-HOCOMOCOv10-TYY2_HUMAN.H10MO.D,-3.2,retained,high
TBR1,TBR1_1,AGGTGTGAAG,10,2.24,1.12,2.86102294921875e-06,0.00537109375,ATF3_known11,-3.27,retained,high
TBX1,TBX15_2,AGGTGTGG,8,2.02,1.35,0.0001220703125,0.0036163330078125,SMAD4_Hsapiens-hPDI-SMAD4,-1.47,ambiguous,med
TBX1,TBX15_Hsapiens-jaspar2018-TBX15-MA0803.1,AGGGGTGC,8,2.74,0.79,0.0018768310546875,0.001220703125,ZCCHC14_Hsapiens-hPDI-ZCCHC14,0.19,lost,med
TBX1,TBX1_3,ACGTGTTA,8,4.77,1.69,0.0003662109375,0.0008544921875,PRRX1_Hsapiens-HOCOMOCOv10-PRRX1_HUMAN.H10MO.D,-0.37,ambiguous,med
TBX1,TBX1_Hsapiens-jolma2013-TBX1-2,AGGTGTGATTATCACACCT,19,2.53,1.23,4.729372449219227e-11,3.2835640013217926e-05,CUX1_7,-5.84,dual,high
TBX1,TBX1_Hsapiens-jolma2013-TBX1-3,ACGAGCGA,8,5.94,0.7,0.00762939453125,0.00830078125,POLI_Hsapiens-hPDI-POLI,-0.04,lost,med
TBX20,TBX20_Hsapiens-SwissRegulon-TBX20.SwissRegulon,AGGTGTGATAGTGTGA,16,3.74,0.56,1.3969838619232178e-08,0.0008667483925819397,GATA_known4,-4.79,retained,high
TBX21,TBX21_Hsapiens-jaspar2018-TBX21-MA0690.1,GACGTGTGAA,10,2.62,1.39,2.574920654296875e-05,0.00048828125,NCBP2_Hsapiens-hPDI-NCBP2,-1.28,retained,med
TBX2,TBX2_2,AGGGTGTGAAA,11,2.1,0.72,1.1444091796875e-05,0.000461578369140625,SPI1_disc2,-1.61,retained,med
TBX3,TBX3_Hsapiens-HOCOMOCOv10-TBX3_HUMAN.H10MO.D,GGGTAGCAACTTAGATGTGAAAAG,24,4.45,0.54,3.606518816923199e-08,5.7756900787353516e-05,RUVBL1_Hsapiens-hPDI-RUVBL1,-3.2,dual,high
TBX3,TBX3_Hsapiens-SwissRegulon-TBX3.SwissRegulon,AGGTAGAGAACTAGGTCATAAGAG,24,2.41,1.29,1.808757588150911e-10,0.00016236305236816406,ESRRB_Hsapiens-SwissRegulon-ESRRB.SwissRegulon,-5.95,retained,high
TBX4,TBX4_Hsapiens-jaspar2016-TBX4-MA0806.1,ACGTGCTA,8,5.56,2.41,0.0010528564453125,0.0009765625,RBBP5_Hsapiens-hPDI-RBBP5,0.03,ambiguous,med
TBX4,TBX4_Hsapiens-jaspar2018-TBX4-MA0806.1,ACGTGCCA,8,4.22,2.15,0.002044677734375,0.00830078125,HSPA1L_Hsapiens-hPDI-HSPA1L,-0.61,lost,med
TBX4,TBX4_Hsapiens-jolma2013-TBX4,ACGTGTGC,8,2.28,1.13,0.00189208984375,0.00146484375,AHR_Hsapiens-SwissRegulon-AHR.SwissRegulon,0.11,lost,med
TBX5,TBX5_Hsapiens-jolma2013-TBX5,ACGTGTCG,8,3.94,2.19,0.0020904541015625,0.015625,TAF9_Hsapiens-hPDI-TAF9,-0.87,lost,med
TBX5,TBX5_Hsapiens-jolma2013-TBX5-2,AGGTGTGAAATATAACACCT,20,3.83,0.73,1.1823431123048067e-11,0.00010974542237818241,MEF2_known1,-6.97,retained,high
TCF7,TCF7L1_Hsapiens-jaspar2018-TCF7L1-MA1421.1,AAAGACCAAAGG,12,4.09,0.71,1.4901161193847656e-06,0.00244140625,SMAD3_Hsapiens-hPDI-SMAD3,-3.21,retained,high
TCF7,TCF7L2_Hsapiens-JASPAR_2014-TCF7L2-MA0523.1,GAACATCAAAGGCA,14,3.31,0.74,7.152557373046875e-07,0.000732421875,OLIG1_Hsapiens-hPDI-OLIG1,-3.01,retained,high
TEAD1,TEAD1_Hsapiens-JASPAR_2014-TEAD1-MA0090.1,CGCATTCCTCGG,12,2.99,1.3,5.960464477539062e-07,0.00244140625,DNMT3A_Hsapiens-hPDI-DNMT3A,-3.61,retained,high
TEAD1,TEAD1_Hsapiens-SwissRegulon-TEAD1.SwissRegulon,CACATTCCTGGC,12,2.05,2.48,1.1920928955078125e-06,0.0004744529724121094,ZEB1_Hsapiens-HOCOMOCOv10-ZEB1_HUMAN.H10MO.B,-2.6,retained,high
TEAD2,TEAD2_1,TCGGCGG,7,3.02,0.8,0.00048828125,0.015625,TIMELESS_Hsapiens-hPDI-TIMELESS,-1.51,ambiguous,med
TEAD3,TEAD3_Hsapiens-SwissRegulon-TEAD3.SwissRegulon,AAATGCCT,8,4.38,3.33,0.0008544921875,6.103515625e-05,TAF1A_Hsapiens-hPDI-TAF1A,1.15,switched,med
TEAD3,TEAD3_Hsapiens-jaspar2016-TEAD3-MA0808.1,AAATACCA,8,12.88,1.24,0.000396728515625,0.001953125,ACO1_Hsapiens-hPDI-ACO1,-0.69,ambiguous,med
TEF,TEF_2,TGTTACGTAACG,12,3.45,1.39,4.172325134277344e-07,1.0,,-6.38,retained,high
TEF,TEF_Hsapiens-cisbp_1.02-M4088_1.02,CTTACGTAAC,10,2.86,1.27,3.814697265625e-06,0.0016794204711914062,MYC_disc1,-2.64,retained,high
TEF,TEF_Hsapiens-cisbp_1.02-M5909_1.02,CCTTACGTAATC,12,4.28,1.4,2.0802021026611328e-05,1.0,,-4.68,retained,med
TEF,TEF_Hsapiens-cisbp_1.02-M6510_1.02,TGTTTACGTAAATG,14,2.24,1.13,6.937980651855469e-05,0.00011271238327026367,SP100_Hsapiens-SwissRegulon-SP100.SwissRegulon,-0.21,retained,med
TEF,TEF_Hsapiens-jolma2013-TEF,GCTTACGTAACT,12,2.82,1.04,1.7523765563964844e-05,1.0,,-4.76,retained,med
TFAP2A,TFAP2A(var.2)_Hsapiens-jaspar2018-TFAP2A(var.2)-MA0810.1,TGCCCTCGGGCT,12,2.31,0.68,2.4437904357910156e-06,0.00016832351684570312,ESRRB_1,-1.84,retained,high
TFAP2A,TFAP2A_Hsapiens-jolma2013-TFAP2A-5,TGCCGTAGGGCA,12,2.37,1.41,6.735324859619141e-06,0.000156402587890625,PPARG_Hsapiens-HOCOMOCOv10-PPARG_HUMAN.H10MO.S,-1.37,retained,high
TFAP2A,TFAP2_known13,TGCCCTCGGGGCA,13,2.1,0.65,2.9802322387695312e-08,0.0002594590187072754,ESRRB_1,-3.94,retained,high
TFAP4,TFAP4_Hsapiens-HOCOMOCOv10-TFAP4_HUMAN.H10MO.C,GCCAGCTGTCG,11,2.61,0.7,5.0067901611328125e-06,1.0,,-5.3,retained,high
TFCP2,TFCP2_Hsapiens-jolma2013-TFCP2-2,TCCGGTTTAAACTGGC,16,2.48,1.75,7.986091077327728e-08,0.0003528594970703125,E2F_disc6,-3.65,retained,high
TFDP1,TFDP1_Hsapiens-HOCOMOCOv10-TFDP1_HUMAN.H10MO.D,CGTGCTACGCCAAGGGCGGGAG,22,2.25,1.56,1.3143378509994363e-05,0.00014019012451171875,NR5A2_Hsapiens-SwissRegulon-NR5A2.SwissRegulon,-1.03,retained,med
TFDP1,TFDP1_Hsapiens-jaspar2018-TFDP1-MA1122.1,TGGCGGGAACC,11,11.58,3.15,9.775161743164062e-06,0.0015134811401367188,STAT3_Hsapiens-SwissRegulon-STAT3.SwissRegulon,-2.19,retained,med
TFE3,TFE3_Hsapiens-HOCOMOCOv10-TFE3_HUMAN.H10MO.C,AGACACGTGG,10,6.38,1.05,2.288818359375e-05,1.0,,-4.64,retained,med
TFE3,TFE3_Hsapiens-jaspar2016-TFE3-MA0831.1,ACCTCGTGAC,10,2.68,2.24,6.103515625e-05,4.57763671875e-05,CTCF_disc6,0.12,dual,med
TFE3,TFE3_Hsapiens-jaspar2018-TFE3-MA0831.1,ATCACGAGGC,10,3.64,3.14,9.1552734375e-05,0.00029754638671875,SMC3_disc2,-0.51,retained,med
TFEB,TFEB_Hsapiens-cisbp_1.02-M5931_1.02,AGCATGTGAC,10,5.14,1.15,7.724761962890625e-05,1.0,,-4.11,retained,med
TFEC,TFEC_Hsapiens-SwissRegulon-TFEC.SwissRegulon,GTCACATGCG,10,3.04,2.56,0.00017547607421875,1.0,,-3.76,ambiguous,med
TFEC,TFEC_Hsapiens-jaspar2016-TFEC-MA0871.1,GTCACATGGG,10,3.05,2.12,0.00017547607421875,0.0009765625,GPAM_Hsapiens-hPDI-GPAM,-0.75,ambiguous,med
TFE,TFE_1,TCACGTGG,8,6.42,2.22,0.000152587890625,0.00439453125,MED30_Hsapiens-hPDI-THRAP6,-1.46,ambiguous,med
TGIF1,TGIF1_Hsapiens-hPDI-TGIF1,TGTTGA,6,5.51,1.07,0.003662109375,0.02734375,STUB1_Hsapiens-hPDI-STUB1,-0.87,lost,low
TGIF1,TGIF1_Hsapiens-jaspar2016-TGIF1-MA0796.1,TGACATGCGTCA,12,3.55,3.77,6.616115570068359e-06,0.0004519224166870117,HES5_1,-1.83,retained,high
TGIF1,TGIF1_Hsapiens-jaspar2018-TGIF1-MA0796.1,TGACAGCTATCG,12,4.0,0.67,1.6689300537109375e-05,0.00040435791015625,SMAD3_1,-1.38,retained,med
TGIF2,TGIF2LX_Hsapiens-jolma2013-TGIF2LX,TGACGGCTGTCG,12,2.55,1.21,1.1444091796875e-05,0.0003509521484375,CREB1_Hsapiens-cisbp_1.02-M3083_1.02,-1.49,retained,med
TP53,TP53_6,ACAAGTCAAAGACATGT,17,2.17,1.62,7.566995918750763e-10,4.57763671875e-05,MBTPS2_Hsapiens-hPDI-MBTPS2,-4.78,dual,high
TP63,TP63_Hsapiens-SwissRegulon-TP63.SwissRegulon,TGCGCATGCACTGGCATGCA,20,5.46,0.84,6.370246410369873e-07,2.2172927856445312e-05,NRF1_Hsapiens-jolma2013-NRF1,-1.54,dual,high
TULP1,TULP1_Hsapiens-hPDI-TULP1,GGGAGAC,7,3.3,0.7,0.00103759765625,0.00634765625,HCFC2_Hsapiens-hPDI-HCFC2,-0.79,lost,med
YY2,TYY2_Hsapiens-HOCOMOCOv10-TYY2_HUMAN.H10MO.D,AAAATGGCGGG,11,3.04,1.22,1.6689300537109375e-06,0.00024318695068359375,ETS_disc6,-2.16,retained,high
T,T_2,ATAGGTGTGAA,11,4.2,0.93,2.1457672119140625e-06,0.0006873607635498047,TGIF2_Hsapiens-HOCOMOCOv10-TGIF2_HUMAN.H10MO.D,-2.51,retained,high
UNCX,UNCX_4,TTAATCCAATTAT,13,2.3,1.18,1.5050172805786133e-06,1.0,,-5.82,retained,high
UNCX,UNCX_Hsapiens-SwissRegulon-UNCX.SwissRegulon,ACGATAAA,8,4.86,0.89,0.013916015625,0.000732421875,H1FX_Hsapiens-hPDI-H1FX,1.28,ambiguous,med
UNCX,UNCX_Hsapiens-jaspar2018-UNCX-MA0721.1,CCAATGTA,8,2.41,1.12,0.0114593505859375,0.00152587890625,HOXA7_1,0.88,lost,med
USF1,USF1_Hsapiens-JASPAR_CORE-USF1-MA0093.1,CACACGA,7,5.09,1.8,0.00286865234375,0.002685546875,SREBP_known3,0.03,lost,med
USF1,USF1_Hsapiens-cisbp_1.02-M4086_1.02,GCACGTGA,8,3.58,1.83,0.000244140625,0.0011138916015625,GMEB2_Hsapiens-SwissRegulon-GMEB2.SwissRegulon,-0.66,ambiguous,med
USF1,USF1_Hsapiens-cisbp_1.02-M6530_1.02,GGCCACGTGC,10,6.56,0.99,2.288818359375e-05,0.00048160552978515625,TCF3_Hsapiens-SwissRegulon-TCF3.SwissRegulon,-1.32,retained,med
USF1,USF1_Hsapiens-jaspar2016-USF1-MA0093.1,CATGCGC,7,2.36,1.8,0.004150390625,0.00830078125,POLI_Hsapiens-hPDI-POLI,-0.3,lost,med
USF1,USF1_Hsapiens-jolma2013-USF1,GCCATGTGGT,10,2.92,1.5,0.00015735626220703125,0.0002899169921875,RUNX2_3,-0.27,ambiguous,med
USF2,USF2_Hsapiens-SwissRegulon-USF2.SwissRegulon,GCCATGTG,8,2.33,0.77,0.0002899169921875,0.0009765625,YY1_Hsapiens-SwissRegulon-YY1.SwissRegulon,-0.53,ambiguous,med
USF2,USF2_Hsapiens-cisbp_1.02-M4481_1.02,GGTCACGTGACCCGG,15,2.32,0.56,5.587935447692871e-09,1.0,,-8.25,retained,high
USF2,USF2_Hsapiens-cisbp_1.02-M4550_1.02,GGTCACGTGCT,11,3.47,0.56,4.0531158447265625e-06,1.0,,-5.39,retained,high
USF2,USF2_Hsapiens-jaspar2016-USF2-MA0526.1,ATCATGTGACA,11,3.42,0.77,8.821487426757812e-06,1.0,,-5.05,retained,med
VAX2,VAX2_Hsapiens-SwissRegulon-VAX2.SwissRegulon,TAATACTAATTAGCAC,16,2.1,1.05,1.5362165868282318e-06,1.0,,-5.81,retained,high
VDR,VDR_5,GAGTTCACTGAGTTCA,16,3.11,1.14,1.3969838619232178e-09,0.00033910851925611496,BBX_Hsapiens-SwissRegulon-BBX.SwissRegulon,-5.39,retained,high
VENTX,VENTX_Hsapiens-jaspar2016-VENTX-MA0724.1,TCCGATTAG,9,2.78,0.62,6.103515625e-05,1.0,,-4.21,retained,med
VENTX,VENTX_Hsapiens-jolma2013-VENTX-2,CCCTAATGGGTAAACGATTAG,21,3.95,1.39,6.366462912410498e-12,0.00016655027866363525,ZNF652_Hsapiens-SwissRegulon-ZNF652.SwissRegulon,-7.42,retained,high
VSX1,VSX1_2,CTGATTGC,8,2.14,0.88,0.0028839111328125,0.004638671875,HHAT_Hsapiens-hPDI-HHAT,-0.21,lost,med
VSX1,VSX1_Hsapiens-jolma2013-VSX1,CTAACTGC,8,2.15,1.09,0.0055999755859375,0.00018310546875,MYB_Hsapiens-HOCOMOCOv10-MYB_HUMAN.H10MO.C,1.49,ambiguous,med
XBP1,XBP1_Hsapiens-cisbp_1.02-M5953_1.02,GATGACGTGTCATT,14,2.83,1.45,3.725290298461914e-09,0.0002486705780029297,MEIS3_Hsapiens-HOCOMOCOv10-MEIS3_HUMAN.H10MO.D,-4.82,retained,high
XBP1,XBP1_Hsapiens-jaspar2016-XBP1-MA0844.1,AGGGACACGTCATC,14,2.28,0.96,4.842877388000488e-08,0.0002728700637817383,IRX2_2,-3.75,retained,high
YEATS4,YEATS4_Hsapiens-hPDI-YEATS4,CGCAAA,6,2.18,1.72,0.0009765625,0.00830078125,NFATC4_Hsapiens-hPDI-NFATC4,-0.93,ambiguous,low
YY1,YY1_Hsapiens-SwissRegulon-YY1.SwissRegulon,GGCATC,6,4.75,3.13,0.004150390625,0.0009765625,P4HB_Hsapiens-hPDI-P4HB,0.63,ambiguous,low
YY1,YY1_Hsapiens-jolma2013-YY1,CCCGCCATTAC,11,2.18,0.75,3.0994415283203125e-06,0.000972747802734375,PDX1_Hsapiens-HOCOMOCOv10-PDX1_HUMAN.H10MO.C,-2.5,retained,high
YY1,YY1_disc2,AAACATGGCA,10,2.7,0.64,1.9073486328125e-06,0.0011606216430664062,TWST1_Hsapiens-HOCOMOCOv10-TWST1_HUMAN.H10MO.D,-2.78,retained,high
YY1,YY1_known5,CCCGCCATTTT,11,3.65,1.59,1.9073486328125e-05,0.00024318695068359375,ETS_disc6,-1.11,retained,med
YY1,YY1_known7,CCCGCCATTAT,11,2.01,0.84,1.430511474609375e-06,0.000560760498046875,XG_Hsapiens-hPDI-XG,-2.59,retained,high
YY2,YY2_2,CCCGCCATTTC,11,5.96,1.43,1.9073486328125e-05,0.00024318695068359375,ETS_disc6,-1.11,retained,med
YY2,YY2_Hsapiens-jaspar2016-YY2-MA0748.1,GCCCGCCATTT,11,3.49,1.24,6.198883056640625e-06,0.00024318695068359375,ETS_disc6,-1.59,retained,high
YY2,YY2_Hsapiens-jolma2013-YY2-2,CCCGCCATTTA,11,5.86,1.27,1.9073486328125e-05,0.00024318695068359375,ETS_disc6,-1.11,retained,med
ZBED1,ZBED1_1,CTGTCGCGACATA,13,3.33,1.11,8.940696716308594e-08,0.00042051076889038086,E2F_known30,-3.67,retained,high
ZBED1,ZBED1_Hsapiens-SwissRegulon-ZBED1.SwissRegulon,ATGTCGCGACAGA,13,3.16,0.75,9.685754776000977e-07,0.00047969818115234375,SMAD3_Hsapiens-jaspar2016-SMAD3-MA0795.1,-2.69,retained,high
ZBTB1,ZBTB14_1,CGGAGGCGCGCTT,13,2.3,1.03,1.7881393432617188e-07,0.00030612945556640625,E2F2_Hsapiens-HOCOMOCOv10-E2F2_HUMAN.H10MO.B,-3.23,retained,high
ZBTB1,ZBTB18_1,GGAACATCTGGA,12,9.11,1.84,1.1920928955078125e-07,0.000335693359375,ESRP1_Hsapiens-hPDI-RBM35A,-3.45,retained,high
ZBTB4,ZBTB49_1,TTTCGCTTGGCGCGTCA,17,2.09,1.06,9.313225746154785e-10,0.00016891956329345703,E2F_known27,-5.26,retained,high
ZBTB7A,ZBTB7A_Hsapiens-jaspar2016-ZBTB7A-MA0750.1,GCCGACCACCGA,12,2.58,0.99,1.0728836059570312e-06,0.0023193359375,ZNF503_Hsapiens-hPDI-ZNF503,-3.33,retained,high
ZIC2,ZIC2_Hsapiens-HOCOMOCOv10-ZIC2_HUMAN.H10MO.C,GGGATGGTC,9,3.2,1.07,0.0001068115234375,0.000732421875,TEAD1_1,-0.84,ambiguous,med
ZNF282,ZN282_Hsapiens-HOCOMOCOv10-ZN282_HUMAN.H10MO.D,CGGGTTGTGGGAAA,14,2.13,0.61,3.725290298461914e-08,0.000244140625,CFL2_Hsapiens-hPDI-CFL2,-3.82,retained,high
ZNF143,ZNF143_disc1,GGGATATGTA,10,2.66,1.4,1.33514404296875e-05,0.0015630722045898438,NEUROG2_1,-2.07,retained,med
ZNF2,ZNF282_Hsapiens-SwissRegulon-ZNF282.SwissRegulon,CTTTCCCATAACACGTG,17,2.03,2.21,2.153683453798294e-09,0.00013947486877441406,MXI1_Hsapiens-cisbp_1.02-M4543_1.02,-4.81,retained,high
ZNF2,ZNF282_Hsapiens-jaspar2018-ZNF282-MA1154.1,CTTTCCCACAACACGTG,17,2.18,1.34,1.7462298274040222e-09,4.994496703147888e-05,FOXO6_3,-4.46,dual,high
ZSCAN4,ZSCAN4_3,TGCACACCCTGAAAG,15,5.2,0.81,1.0244548320770264e-08,0.0005016326904296875,KLF4_1,-4.69,retained,high
ZSCAN9,ZSCAN9_Hsapiens-hPDI-ZNF193,TGCAT,5,3.61,0.62,0.00390625,0.015625,RNF138_Hsapiens-hPDI-RNF138,-0.6,lost,low
